KEGG_MM_2-OXOCARBOXYLIC_ACID_METABOLISM	GPT2	ACY1	ACO1	ACO2	BCAT1	BCAT2	CS	GOT1	GOT2	IDH1	IDH3G	IDH3B	NAGS	AADAT	4933405O20RIK	IDH2	IDH3A	CSL	GPT	GOT1L1
KEGG_MM_AGE-RAGE_SIGNALING_PATHWAY_IN_DIABETIC_COMPLICATIONS	AGER	AGT	AGTR1A	AGTR1B	AKT1	AKT2	BAX	BCL2	CASP3	CCND1	CDC42	CDK4	CDKN1B	COL3A1	COL4A1	COL4A2	COL4A3	COL4A4	COL4A5	COL1A1	COL1A2	CYBB	DIAPH1	EDN1	EGR1	F3	VEGFD	FN1	HRAS	ICAM1	IL1A	IL1B	IL6	JAK2	JUN	KRAS	SMAD2	SMAD3	SMAD4	MMP2	NFATC1	NFKB1	NOS3	NRAS	PIK3CA	PIK3CD	PIK3R1	PIK3R2	PIK3R3	PIM1	PRKCA	PRKCB	PRKCD	PRKCE	PRKCZ	SERPINE1	PLCB1	PLCB2	PLCB3	PLCB4	PLCD1	PLCD4	PLCG1	MAPK11	RAC1	RELA	CCL12	CCL2	SELE	STAT1	STAT3	STAT5A	STAT5B	TGFB1	TGFB2	TGFB3	TGFBR1	TGFBR2	THBD	TNF	VCAM1	VEGFA	VEGFB	VEGFC	PLCG2	NOX1	AKT3	MAPK1	MAPK10	MAPK13	MAPK14	MAPK3	MAPK8	MAPK9	MAPK12	NOX4	FOXO1	PLCD3	PLCE1	PIK3CB	COL4A6
KEGG_MM_AMPK_SIGNALING_PATHWAY	GM2436	GM2446	ACACB	PRKAA1	ACACA	PRKAA2	PRKAB2	PRKAG2	ADIPOQ	ADRA1A	AKT1	AKT2	CAB39	CCNA1	CCNA2	CCND1	CD36	CFTR	CIDEA	CPT1A	CPT1B	CREB1	CREB3	EEF2	EEF2K	EIF4EBP1	FASN	FBP2	FBP1	G6PC	G6PC2	GYS1	HMGCR	HNF4A	ELAVL1	IGF1	IGF1R	INS1	INS2	INSR	IRS1	IRS3	IRS4	LEP	LEPR	LIPE	PFKFB3	RAB8A	PCK1	PDPK1	PFKFB1	PFKFB2	PFKL	PFKM	PIK3CA	PIK3CD	PIK3R1	PIK3R2	PIK3R3	PPARG	PPARGC1A	PPP2CA	PPP2CB	PPP2R3D	PRKAB1	PRKAG1	RAB10	RAB11B	RHEB	SCD1	SCD2	SLC2A4	CAMKK2	SREBF1	CREB3L2	CREB3L3	STK11	PPP2R5D	TSC2	ULK1	PPP2R5B	PPP2R5A	STRADB	CREB5	GYS2	PPP2R3A	AKT3	PRKAG3	MAP3K7	CREB3L1	PPP2R5C	PPP2R5E	PPP2R2C	PFKFB4	SCD3	SCD4	IRS2	PPP2R1A	PPP2R2D	PFKP	FOXO1	FOXO3	MLYCD	MTOR	TBC1D1	RPS6KB2	RAB2A	PPP2R3C	TSC1	AKT1S1	RAB14	G6PC3	ADIPOR2	CAB39L	PPP2R2A	STRADA	RPS6KB1	ADIPOR1	PPP2R2B	PPP2R1B	CRTC2	RPTOR	PCK2	PIK3CB	CPT1C	CREB3L4	SIRT1
KEGG_MM_ADIPOCYTOKINE_SIGNALING_PATHWAY	ACACB	PRKAA1	PRKAA2	PRKAB2	PRKAG2	NPY	ADIPOQ	AGRP	AKT1	AKT2	CD36	CHUK	SOCS3	CPT1A	CPT1B	ACSL1	G6PC	G6PC2	IKBKB	IKBKG	IRS1	IRS3	IRS4	JAK2	LEP	LEPR	NFKB1	NFKBIA	NFKBIB	NFKBIE	PCK1	PRKCQ	POMC	PPARA	PPARGC1A	PRKAB1	PRKAG1	PTPN11	RELA	RXRA	RXRB	RXRG	SLC2A1	SLC2A4	CAMKK2	STAT3	STK11	ACSL6	TNF	TNFRSF1A	TNFRSF1B	TRAF2	AKT3	PRKAG3	MAPK10	MAPK8	MAPK9	ACSBG2	IRS2	ACSL5	ACSL4	MTOR	G6PC3	ADIPOR2	TRADD	ADIPOR1	ACSL3	PCK2	CPT1C	ACSBG3	ACSBG1
KEGG_MM_ALANINE_ASPARTATE_AND_GLUTAMATE_METABOLISM	IL4I1	LAO1	RIMKLB	GPT2	ASL	ASPA	ADSL	ADSSL1	ADSS	AGXT	ASS1	IL4I1	GAD1	GAD2	GFPT1	GFPT2	GLUL	GLS	GLUD1	GOT1	GOT2	RIMKLA	ALDH4A1	ALDH5A1	GLS2	CPS1	PPAT	AGXT2	ABAT	NAT8L	ASNS	NIT2	FOLH1	ASRGL1	CAD	DDO	4930438A08RIK	GPT	GOT1L1
KEGG_MM_ALDOSTERONE_SYNTHESIS_AND_SECRETION	HSD3B8	HSD3B9	PRKD2	ADCY4	ADCY3	CAMK2D	ORAI1	ADCY6	ADCY7	ADCY8	ADCY9	AGT	AGTR1A	AGTR1B	ATF1	ATF2	ATF4	ATP1A1	ATP1B1	ATP1B2	ATP1B3	ATP2B2	CACNA1C	CACNA1D	CACNA1G	CACNA1S	CALM1	CALM2	CALM3	CAMK2A	CAMK2B	CAMK2G	CAMK4	CREB1	CREB3	ATF6B	CYP11A1	CYP21A1	GNA11	GNAQ	GNAS	NR4A1	HSD3B1	HSD3B2	HSD3B3	HSD3B4	HSD3B5	HSD3B6	ITPR1	ITPR2	ITPR3	KCNJ5	KCNK3	LDLR	LIPE	MC2R	NPR1	NR4A2	PRKACA	PRKACB	PRKCA	PRKCB	PRKCG	PRKCE	PRKD1	PLCB1	PLCB2	PLCB3	PLCB4	POMC	PDE2A	SCARB1	STAR	CREB3L2	CREB3L3	ADCY2	CAMK1G	KCNK9	ADCY5	NPPA	DAGLB	CREB5	ATP1A3	CACNA1I	CREB3L1	DAGLA	ATP1A4	ATP2B3	ATP2B4	ADCY1	CALM5	CAMK1	CACNA1F	CACNA1H	ATP1B4	ATP2B1	CALML3	PRKD3	CALML4	CREB3L4	CALM4	ATP1A2
KEGG_MM_AMINO_SUGAR_AND_NUCLEOTIDE_SUGAR_METABOLISM	GCK	UAP1	CYB5R3	PGM3	MPI	CMAH	CMAS	GALT	GFPT1	GFPT2	GALK1	GPI1	HEXA	HEXB	HK1	HK2	RENBP	HK3	HKDC1	UGP2	GMDS	GFUS	UGDH	UAP1L1	CHIL6	CYB5RL	FCSK	AMDHD2	GNPDA1	CYB5R4	PMM1	CYB5R2	GMPPB	GNE	PMM2	GNPNAT1	NAGK	PGM2	NANP	UXS1	GNPDA2	GMPPA	GALK2	CHIT1	CYB5R1	PGM1	NPL	GALE	FPGT	CHIA1	NANS
KEGG_MM_AMINOACYL-TRNA_BIOSYNTHESIS	LARS2	RARS	IARS	LARS	YARS	EPRS	RARS2	TARS	HARS	MT-TA	MT-TC	MT-TD	MT-TE	MT-TF	MT-TG	MT-TH	MT-TI	MT-TK	MT-TL1	MT-TL2	MT-TM	MT-TN	MT-TP	MT-TQ	MT-TR	MT-TS1	MT-TS2	MT-TT	MT-TV	MT-TW	MT-TY	SARS	SEPSECS	MARS2	PSTK	MARS1	VARS	WARS	AARS2	DARS	DARS2	GATB	PARS2	AARS	FARSB	NARS2	TARSL2	CARS	GARS	IARS2	GATC	FARSA	EARS2	VARS2	MTFMT	FARS2	YARS2	NARS	WARS2	HARS2	TARS2	CARS2	SARS2	QRSL1	KARS	QARS
KEGG_MM_APELIN_SIGNALING_PATHWAY	APELA	GM5741	PLIN1	ADCY4	ADCY3	PIK3R6	PRKAA1	MEF2B	MYLK	PRKAA2	PRKAB2	PRKAG2	RAF1	SLC8A2	SLC8A3	ACTA2	ADCY6	ADCY7	ADCY8	ADCY9	AGTR1A	AGTR1B	AKT1	AKT2	CALM1	CALM2	CALM3	CAMK4	CCND1	CDH1	EGR1	CCN2	GNA13	GNAI1	GNAI2	GNAI3	GNAQ	GNB1	GNB2	GNB3	GNB4	GNB5	GNGT1	GNG10	GNG12	GNG2	GNG3	GNG4	GNG5	GNG7	GNG8	GNGT2	HDAC5	HRAS	ITPR1	ITPR2	ITPR3	JAG1	KLF2	KRAS	LIPE	SMAD2	SMAD3	SMAD4	MEF2A	MEF2B	MEF2C	MEF2D	MRAS	MYL4	MYL3	MYL2	NOS1	NOS2	NOS3	NOTCH3	NRAS	NRF1	PDE3B	PRKACA	PRKACB	PRKCE	SERPINE1	PLAT	PLCB1	PLCB2	PLCB3	PLCB4	PPARGC1A	PRKAB1	PRKAG1	RPS6	RRAS	RYR1	RYR2	RYR3	SLC8A1	SLC9A1	SPHK1	SPP1	HDAC4	ADCY2	MYLK3	TFAM	TGFBR1	UCP1	ADCY5	PIK3C3	MYLK2	APLNR	AKT3	MYLK4	PRKAG3	MAP2K1	MAP2K2	MAPK1	MAPK3	ADCY10	APLN	PIK3CG	PIK3R5	ADCY1	CALM5	BECN1	SPHK2	MTOR	RPS6KB2	GNG13	GNG11	MAP1LC3A	RRAS2	MAP1LC3B	CALML3	RPS6KB1	CALML4	PIK3R4	CALM4
KEGG_MM_ARACHIDONIC_ACID_METABOLISM	CYP4A32	CYP2J11	CYP2C50	CBR3	ALOX12	ALOX12E	ALOX12B	ALOX15	ALOX8	ALOX5	CBR1	CBR2	CYP2B10	CYP2B13	CYP2B19	CYP2B9	CYP2C29	CYP2C37	CYP2C38	CYP2C39	CYP2C40	CYP2E1	CYP2J5	CYP2J6	CYP4A10	CYP4A12B	CYP4A14	EPHX2	GGT1	GPX1	GPX2	GPX3	GPX5	LTA4H	LTC4S	PLA2G1B	PLA2G2A	PLA2G2C	PLA2G2D	PLA2G4A	PLA2G5	PTGDS	PTGIS	PTGS1	PTGS2	PLA2G4B	TBXAS1	PLAAT3	CYP2C70	CYP2C23	CYP2J13	CYP4A29	PLA2G4C	PLA2G3	GGT5	CYP2J12	CYP2B23	PLA2G10	PLA2G2E	PLA2G2F	PLA2G4F	CYP4A12A	PLA2G4E	CYP2C54	CYP2C68	CYP4A30B	PLA2G6	HPGDS	PTGES3	PTGES	PLA2G12A	PRXL2B	CYP2J8	PLB1	CYP4A31	GPX7	GPX8	PLA2G12B	CYP2C66	CYP2U1	CYP2C55	CYP2C65	CYP2J9	GPX6	PLA2G4D	PTGES2
KEGG_MM_ARGININE_AND_PROLINE_METABOLISM	AMD2	CARNS1	MAOB	ALDH7A1	ALDH2	ALDH3A2	AMD1	ARG1	ARG2	CKB	CKM	CKMT1	DAO	GAMT	GOT1	GOT2	MAOA	NOS1	NOS2	NOS3	OAT	ODC1	P4HA1	P4HA2	PRODH	SAT1	SMS	SRM	PYCR1	ALDH4A1	SMOX	AZIN2	AOC1L1	AOC1L3	P4HA3	LDC1	CNDP1	PRODH2	ALDH18A1	ALDH9A1	CNDP2	PYCRL	LAP3	GATM	L3HYPDH	HOGA1	PYCR2	SAT2	AOC1L2	ALDH1B1	AGMAT	AOC1	GOT1L1	CKMT2
KEGG_MM_ARGININE_BIOSYNTHESIS	GPT2	ACY1	ASL	ARG1	ARG2	ASS1	GLUL	GLS	GLUD1	GOT1	GOT2	NOS1	NOS2	NOS3	OTC	GLS2	NAGS	CPS1	GPT	GOT1L1
KEGG_MM_ASCORBATE_AND_ALDARATE_METABOLISM	UGT2B38	UGT2B34	GUSB	ALDH7A1	UGT2B37	ALDH2	ALDH3A2	KL	RGN	UGDH	UGT1A2	UGT2B5	UGT2B36	UGT2B35	GULO	UGT1A10	UGT1A7C	UGT1A5	UGT1A9	UGT1A6B	UGT1A1	UGT2A2	MIOX	ALDH9A1	AKR1A1	UGT1A8	UGT2B1	UGT2A3	ALDH1B1	UGT2A1	UGT1A6A
KEGG_MM_BIOSYNTHESIS_OF_AMINO_ACIDS	PSPH	PSAT1	CTH	SHMT2	MAT2B	GPT2	ACY1	ASL	PRPS2	ACO1	ACO2	GM29667	ALDOA	ALDOC	MAT1A	ARG1	ARG2	ASS1	BCAT1	BCAT2	CBS	CS	ENO1	ENO2	ENO3	GAPDH	GLUL	GOT1	GOT2	IDH1	IDH3G	IDH3B	OTC	PAH	PCX	PFKL	PFKM	PGAM1	PGK1	PGK2	PKM	PKLR	PRPS1	RPIA	SHMT1	PYCR1	TALDO1	NAGS	TKT	TPI1	ENO4	CPS1	ALDOB	SDS	MAT2A	PHGDH	MTR	4933405O20RIK	SDSL	IDH2	ASNS	PRPS1L3	ALDOART1	ENO1B	PGAM2	PFKP	ALDH18A1	PYCRL	RPE	IDH3A	PYCR2	THA1	CSL	TKTL2	PRPS1L1	GPT	GOT1L1	ALDOART2	TKTL1
KEGG_MM_BIOSYNTHESIS_OF_COFACTORS	UGT2B38	UGT2B34	AK6	PNPO	PPCS	PSAT1	EPRS	HAAO	SHMT2	MTHFD1	MAT2B	RDH13	GUSB	MPI	UGT2B37	ADSL	ADSSL1	ADSS	AK1	AK2	AK4	ALPL	AKP3	ALPPL2	ALAS1	ALAS2	ALDH2	ALDH3A2	MAT1A	BCAT1	BCAT2	COQ7	CPOX	DHFR	DLD	FECH	FPGS	GCH1	GGH	GCLC	GCLM	GSS	HMBS	HPD	IDO1	ALAD	NME7	RDH11	MOCS2	MTHFD2	NFS1	NME1	NME2	NQO1	PPOX	NADK	PTS	RGN	DHRS3	SHMT1	SPR	IDO2	PANK3	PDXK	UGP2	COQ6	CMPK2	UGDH	UGT1A2	UGT2B5	UMPS	UROD	UROS	NAPRT	COX15	NMNAT2	AK5	COQ3	UGT2B36	MAT2A	SDR16C5	UGT2B35	GPHN	GULO	MTHFD1L	HSD17B6	VKORC1	TPK1	PMM1	FLAD1	GMPPB	UGT1A10	UGT1A7C	UGT1A5	UGT1A9	UGT1A6B	UGT1A1	CTPS	COQ5	PMM2	NME6	RFK	UGT2A2	CTPS2	AK3	GGCX	NME4	TDO2	MOCS1	DHODH	PDXP	AKR1A1	UGT1A8	LIPT1	AK9	BCO1	NMNAT1	MTHFD2L	CMPK1	PPCDC	LIPT2	QPRT	EARS2	ASPDH	NADK2	AK8	GMPPA	VKORC1L1	CAD	COX10	KYNU	OXSM	AFMID	COASY	UGT2B1	COQ2	UGT2A3	ALDH1B1	PHOSPHO2	NMNAT3	PANK2	PANK1	ALPI	MMAB	RDH12	AK7	NADSYN1	NME3	LIAS	UGT2A1	UGT1A6A	KMO
KEGG_MM_BIOSYNTHESIS_OF_NUCLEOTIDE_SUGARS	GCK	UAP1	PGM3	MPI	CMAH	CMAS	GALT	GFPT1	GFPT2	GALK1	GPI1	HK1	HK2	HK3	HKDC1	UGP2	GMDS	GFUS	UGDH	UAP1L1	FCSK	PMM1	GMPPB	GNE	PMM2	GNPNAT1	NAGK	MIOX	PGM2	NANP	UXS1	GMPPA	GALK2	PGM1	GALE	FPGT	TGDS	NANS
KEGG_MM_BIOSYNTHESIS_OF_UNSATURATED_FATTY_ACIDS	TECR	ACAA1A	ACOX1	BAAT	ELOVL3	HSD17B4	ELOVL6	ACOT2	ACOT3	ACOT4	SCD1	SCD2	SCP2	ACNAT2	ACOT5	ACNAT1	ACAA1B	ACOT1	SCD3	HACD1	SCD4	ELOVL1	ELOVL2	HSD17B12	FADS2	HACD3	HACD4	ELOVL5	ACOT7	HACD2	ELOVL7	FADS1	ACOX3	ELOVL4
KEGG_MM_BIOTIN_METABOLISM	HLCS	BTD	OXSM
KEGG_MM_BUTANOATE_METABOLISM	ACAT1	ACAT2	ACADS	ACSM1	GAD1	GAD2	HADH	HMGCL	HMGCS2	ACSM3	HMGCS1	HMGCLL1	ALDH5A1	L2HGDH	ACAT3	ACSM2	ACSM4	ABAT	ACSM5	OXCT2B	OXCT2A	OXCT1	BDH1	EHHADH	AACS	ECHS1	HADHA
KEGG_MM_C-TYPE_LECTIN_RECEPTOR_SIGNALING_PATHWAY	RAF1	AKT1	AKT2	RHOA	BCL10	BCL3	CALM1	CALM2	CALM3	CASP1	CASP8	CHUK	PLK3	EGR2	EGR3	FCER1G	HRAS	IKBKB	IKBKG	IL10	IL12A	IL12B	IL1B	IL2	IL6	IRF1	IRF9	ITPR1	ITPR2	ITPR3	JUN	KRAS	KSR1	LSP1	CD209C	CD209D	CD209E	CD209A	MAPKAPK2	MDM2	CLEC4D	MRAS	NFATC1	NFATC2	NFATC3	NFKB1	NFKB2	NFKBIA	NRAS	PAK1	PIK3CA	PIK3CD	PIK3R1	PIK3R2	PIK3R3	PRKCD	PPP3CA	PPP3CB	PPP3CC	PPP3R1	PPP3R2	MAPK11	PTGS2	PTPN11	RELA	RELB	RRAS	CCL17	CCL22	SRC	STAT1	STAT2	CBLB	SYK	NLRP3	TNF	PLCG2	AKT3	IL17D	MALT1	MAPK1	MAPK10	MAPK13	MAPK14	MAPK3	MAPK8	MAPK9	MAPK12	CARD9	CLEC4B2	CALM5	MAP3K14	IKBKE	CLEC4E	CLEC4N	CLEC7A	CLEC1B	PYCARD	RRAS2	4930544G11RIK	CD209F	CD209B	ARHGEF12	CLEC4B1	CD209G	CALML3	NFATC4	CYLD	PIK3CB	CALML4	CALM4	IL23A
KEGG_MM_CAFFEINE_METABOLISM	CYP1A2	NAT1	NAT2	NAT3	UOX	XDH
KEGG_MM_CARBON_METABOLISM	H6PD	PSPH	GCK	GLDC	ALDH6A1	ME2	PSAT1	SHMT2	GPT2	ME3	PGD	ACAT1	ACAT2	PRPS2	PCCA	ACADS	ACO1	ACO2	ACOX1	ADH5	GM29667	AGXT	ALDOA	ALDOC	CAT	CS	DLD	ENO1	ENO2	ENO3	ESD	FBP2	FBP1	FH1	G6PD2	G6PDX	GAPDH	GLUD1	GOT1	GOT2	GPI1	HAO1	HK1	HK2	IDH1	IDH3G	IDH3B	ME1	MDH2	MDH1	MMUT	OGDH	PCX	PDHA1	PDHA2	PFKL	PFKM	PGAM1	PGK1	PGK2	PKM	PKLR	PRPS1	RGN	RPIA	SHMT1	SUCLA2	SUCLG2	HK3	TALDO1	HKDC1	TKT	TPI1	ACAT3	TKFC	ENO4	HIBCH	CPS1	ALDOB	SDS	DLAT	GLYCTK	PHGDH	OGDHL	4933405O20RIK	SDSL	IDH2	PRPS1L3	ALDOART1	ENO1B	AMT	PGAM2	HAO2	PFKP	SUCLG1	ACSS2	SDHC	PGLS	RPE	PCCB	SDHD	SDHA	PGP	SDHB	IDH3A	GCSH	PDHB	ACSS1	CSL	ADPGK	MCEE	TKTL2	PRPS1L1	IDNK	GPT	GOT1L1	DLST	ALDOART2	ACOX3	TKTL1	ECHS1
KEGG_MM_CENTRAL_CARBON_METABOLISM_IN_CANCER	SCO2	GCK	LDHAL6B	RAF1	AKT1	AKT2	EGFR	ERBB2	FGFR1	FGFR2	FGFR3	FLT3	G6PD2	G6PDX	GLS	HIF1A	HK1	HK2	HRAS	IDH1	KIT	KRAS	LDHA	LDHB	LDHC	MET	MYC	NRAS	NTRK1	NTRK3	PDGFRA	PDGFRB	PDHA1	PDHA2	PFKL	PFKM	PGAM1	PIK3CA	PIK3CD	PIK3R1	PIK3R2	PIK3R3	PKM	PTEN	RET	SLC1A5	SLC2A1	SLC2A2	SLC7A5	HK3	HKDC1	GLS2	TRP53	PDK1	AKT3	MAP2K1	MAP2K2	MAPK1	MAPK3	IDH2	TIGAR	SIRT6	PGAM2	PFKP	MTOR	SIRT3	PDHB	PIK3CB	SLC16A3
KEGG_MM_CHOLESTEROL_METABOLISM	LDLRAP1	PCSK9	CYP27A1	APOC2L	ABCA1	APOA1	APOA2	APOA4	APOC1	APOC2	APOC3	APOE	APOH	TSPO	CD36	CIDEB	CYP7A1	LRP2	LIPC	LCAT	LDLR	LIPA	LIPG	LPL	LRP1	LRPAP1	NPC1	PLTP	SOAT1	SORT1	SCARB1	STAR	MYLIP	VDAC1	VDAC2	VDAC3	SOAT2	APOB	ABCG5	ABCB11	ANGPTL3	VAPA	NCEH1	VAPB	ANGPTL4	STARD3	ANGPTL8	ABCG8	NPC2	OSBPL5
KEGG_MM_CHOLINE_METABOLISM_IN_CANCER	SLC44A1	DGKZ	RAF1	DGKG	DGKQ	AKT1	AKT2	CHKB	CHKA	PCYT1A	DGKA	EGF	EGFR	EIF4EBP1	FOS	GRB2	HIF1A	HRAS	JUN	KRAS	RAC3	NRAS	PDGFA	PDGFB	PDGFRA	PDGFRB	PDPK1	PIK3CA	PIK3CD	PIK3R1	PIK3R2	PIK3R3	PIP5K1C	PIP5K1B	PIP5K1A	PRKCA	PRKCB	PRKCG	LYPLA1	PLA2G4A	PLCG1	PLD1	PLD2	PLPP1	RAC1	RAC2	RALGDS	RHEB	SLC22A1	SLC22A2	SLC22A3	SLC22A5	SOS1	SOS2	SP1	PLA2G4B	CHPT1	SLC44A3	DGKB	TSC2	WAS	DGKD	PLA2G4C	PCYT1B	AKT3	SLC44A5	WASF2	WASF3	MAP2K1	MAP2K2	MAPK1	MAPK10	MAPK3	MAPK8	MAPK9	PLA2G4F	SLC22A4	DGKI	PLA2G4E	DGKK	DGKH	PLPP2	PDGFC	DGKE	SLC22A21	MTOR	RPS6KB2	SLC5A7	TSC1	PLPP3	SLC44A2	SLC44A4	PDGFD	RPS6KB1	GPCPD1	PIK3CB	PLA2G4D	WASF1
KEGG_MM_CITRATE_CYCLE_(TCA_CYCLE)	ACLY	ACO1	ACO2	CS	DLD	FH1	IDH1	IDH3G	IDH3B	MDH2	MDH1	OGDH	PCK1	PCX	PDHA1	PDHA2	SUCLA2	SUCLG2	DLAT	OGDHL	4933405O20RIK	IDH2	SUCLG1	SDHC	SDHD	SDHA	SDHB	IDH3A	PDHB	CSL	PCK2	DLST
KEGG_MM_CORTISOL_SYNTHESIS_AND_SECRETION	HSD3B8	HSD3B9	ADCY4	ADCY3	ORAI1	CYP11B1	ADCY6	ADCY7	ADCY8	ADCY9	AGT	AGTR1A	AGTR1B	NR0B1	ATF2	ATF4	CACNA1C	CACNA1D	CACNA1G	CACNA1S	CREB1	CREB3	ATF6B	CYP11A1	CYP11B2	CYP17A1	CYP21A1	GNA11	GNAQ	GNAS	NR4A1	HSD3B1	HSD3B2	HSD3B3	HSD3B4	HSD3B5	HSD3B6	ITPR1	ITPR2	ITPR3	KCNA4	KCNK2	KCNK3	LDLR	MC2R	PBX1	PDE8A	PRKACA	PRKACB	PLCB1	PLCB2	PLCB3	PLCB4	POMC	SP1	SCARB1	STAR	CREB3L2	CREB3L3	ADCY2	PDE8B	ADCY5	CREB5	CACNA1I	NR5A1	CREB3L1	NCEH1	ADCY1	CACNA1F	CACNA1H	MRAP	CREB3L4
KEGG_MM_CYSTEINE_AND_METHIONINE_METABOLISM	AMD2	IL4I1	LAO1	ADI1	LDHAL6B	PSAT1	CTH	MAT2B	AHCYL	AMD1	MAT1A	BCAT1	BCAT2	BHMT	CBS	CDO1	DNMT1	DNMT3A	DNMT3B	IL4I1	GCLC	GCLM	GOT1	GOT2	GSS	LDHA	LDHB	LDHC	MDH2	MDH1	SMS	SRM	LACC1	TST	AHCYL1	KYAT3	SDS	MAT2A	TAT	PHGDH	MTR	MPST	SDSL	AGXT2	AHCY	APIP	BHMT2	MTAP	ENOPH1	MRI1	KYAT1	4930438A08RIK	AHCYL2	GOT1L1
KEGG_MM_D-AMINO_ACID_METABOLISM	DAO	GLS	GLS2	DGLUCY	SRR	DDO
KEGG_MM_ESTROGEN_SIGNALING_PATHWAY	ADCY4	ADCY3	KRT9	RAF1	ADCY6	ADCY7	ADCY8	ADCY9	AKT1	AKT2	ATF2	ATF4	BCL2	CALM1	CALM2	CALM3	CREB1	CREB3	ATF6B	CTSD	EGFR	ESR1	ESR2	FKBP4	FKBP5	FOS	GNAI1	GNAI2	GNAI3	GNAO1	GNAQ	GNAS	GRB2	GRM1	HBEGF	HRAS	HSPA8	HSPA1L	HSPA1B	HSPA2	HSP90AB1	HSP90AA1	ITPR1	ITPR2	ITPR3	JUN	KCNJ3	KCNJ5	KCNJ6	KCNJ9	KRAS	KRT31	KRT10	KRT13	KRT14	KRT15	KRT16	KRT17	KRT18	KRT19	KRT32	KRT33B	KRT34	KRT36	KRT27	MMP2	MMP9	NCOA1	NCOA2	NCOA3	NOS3	NRAS	OPRM1	PGR	PIK3CA	PIK3CD	PIK3R1	PIK3R2	PIK3R3	PRKACA	PRKACB	PRKCD	PLCB1	PLCB2	PLCB3	PLCB4	POMC	HSPA1A	RARA	SHC1	SHC3	SOS1	SOS2	SP1	SRC	CREB3L2	CREB3L3	ADCY2	SHC2	TFF1	TGFA	HSP90B1	ADCY5	CREB5	KRT39	AKT3	GABBR2	MAP2K1	MAP2K2	MAPK1	MAPK3	CREB3L1	KRT12	SHC4	KRT26	KRT40	ADCY1	CALM5	KRT35	GABBR1	EBAG9	KRT20	KRT42	CALML3	KRT25	KRT28	KRT33A	PIK3CB	CALML4	KRT24	GPER1	CREB3L4	CALM4	KRT23
KEGG_MM_ETHER_LIPID_METABOLISM	PAFAH2	PLD4	PAFAH1B1	PAFAH1B2	PAFAH1B3	ENPP2	PLA2G1B	PLA2G2A	PLA2G2C	PLA2G2D	PLA2G4A	PLA2G5	PLD1	PLD2	PLD3	PLPP1	LPCAT1	PLA2G4B	CHPT1	UGT8A	PLAAT3	AGPS	PLA2G4C	PLA2G3	PLA2G10	PLA2G2E	PLA2G2F	LPCAT2	PLA2G4F	PLA2G7	SELENOI	ENPP6	PLA2G4E	PEDS1	PLPP2	PLA2G6	GAL3ST1	PLA2G12A	PLB1	GDPD1	PLPP3	TMEM86B	GDPD3	PLA2G12B	LPCAT2B	PLA2G4D	LPCAT4	CEPT1
KEGG_MM_FATTY_ACID_BIOSYNTHESIS	ACACB	ACACA	RPP14	ACSL1	FASN	H2-KE6	ACSL6	MCAT	CBR4	ACSF3	MECR	ACSBG2	ACSL5	ACSL4	OXSM	ACSL3	ACSBG3	ACSBG1	OLAH
KEGG_MM_FATTY_ACID_DEGRADATION	CYP4A32	ACAT1	ACAT2	ALDH7A1	ACADL	ACADM	ACADVL	ACAA1A	ACADS	ACOX1	ADH1	ADH7	ADH5	ALDH2	ALDH3A2	CPT1A	CPT1B	CPT2	CYP4A10	CYP4A12B	CYP4A14	ECI1	ACSL1	HADH	ACSL6	ACAT3	CYP4A29	HADHB	ACAA1B	ECI2	ADH4	GCDH	CYP4A12A	ACSBG2	ACSL5	CYP4A30B	ACSL4	ACAA2	ALDH9A1	CYP4A31	ACADSB	ECI3	CYP2U1	ALDH1B1	EHHADH	ACSL3	CPT1C	ACSBG3	ACOX3	ECHS1	ACSBG1	HADHA
KEGG_MM_FATTY_ACID_METABOLISM	TECR	ACACA	RPP14	ACAT1	ACAT2	ACADL	ACADM	ACADVL	ACAA1A	ACADS	ACOX1	ELOVL3	CPT1A	CPT1B	CPT2	ACSL1	FASN	H2-KE6	HADH	HSD17B4	ELOVL6	PPT1	SCD1	SCD2	SCP2	ACSL6	MCAT	ACAT3	HADHB	CBR4	ACAA1B	ACSF3	MECR	SCD3	HACD1	ACSBG2	SCD4	ACSL5	ACSL4	ACAA2	ELOVL1	ELOVL2	PPT2	HSD17B12	FADS2	HACD3	HACD4	ACADSB	ELOVL5	HACD2	OXSM	EHHADH	ACSL3	ELOVL7	FADS1	CPT1C	ACSBG3	ACOX3	ELOVL4	ECHS1	ACSBG1	HADHA
KEGG_MM_FOLATE_BIOSYNTHESIS	QDPR	ALPL	AKP3	ALPPL2	AKR1B3	AKR1B7	CBR1	PCBD1	DHFR	AKR1B8	FPGS	GCH1	GGH	MOCS2	PAH	PTS	SPR	TPH2	TH	TPH1	GPHN	MOCS1	AKR1B10	MOCOS	PCBD2	ALPI
KEGG_MM_FOXO_SIGNALING_PATHWAY	PRKAA1	PRKAA2	PRKAB2	PRKAG2	BRAF	RAF1	AKT1	AKT2	ARAF	ATM	BCL6	BCL2L11	BNIP3	CAT	CCNB2	CCND1	CCND2	CCNG2	CDK2	CDKN1A	CDKN1B	CDKN2B	CDKN2D	CHUK	PLK3	CREBBP	GADD45A	S1PR1	S1PR4	EGF	EGFR	FASL	G6PC	G6PC2	GRB2	GRM1	FOXG1	HRAS	PRMT1	IGF1	IGF1R	IKBKB	IL10	IL6	IL7R	INS1	INS2	INSR	IRS1	IRS3	IRS4	KLF2	KRAS	SGK3	SMAD3	SMAD4	MDM2	GADD45B	NLK	NRAS	PCK1	PDPK1	PIK3CA	PIK3CD	PIK3R1	PIK3R2	PIK3R3	PLK1	PRKAB1	PRKAG1	MAPK11	PTEN	RAG1	RAG2	RBL2	SGK1	SLC2A4	PLK2	SOD2	SOS1	SOS2	STAT3	STK11	PLK4	CCNB3	AGAP2	TGFB1	TGFB2	TGFB3	TGFBR1	TGFBR2	TNFSF10	AKT3	GADD45G	PRKAG3	USP7	MAP2K1	MAP2K2	MAPK1	MAPK10	MAPK13	MAPK14	MAPK3	MAPK8	MAPK9	HOMER1	HOMER2	HOMER3	CCNB1	SGK2	CSNK1E	SKP2	MAPK12	EP300	FOXO6	IRS2	FOXO4	FOXO1	FOXO3	GABARAP	GABARAPL1	STK4	FBXO25	ATG12	FBXO32	G6PC3	SETD7	PCK2	PIK3CB	GABARAPL2	SIRT1
KEGG_MM_FRUCTOSE_AND_MANNOSE_METABOLISM	MPI	ALDOA	ALDOC	AKR1B3	AKR1B7	FBP2	FBP1	AKR1B8	HK1	HK2	KHK	PFKFB3	PFKFB1	PFKFB2	PFKL	PFKM	SORD	HK3	HKDC1	GMDS	TPI1	GFUS	TKFC	ALDOB	FCSK	PFKFB4	PMM1	TIGAR	GMPPB	ALDOART1	PMM2	PFKP	AKR1B10	GMPPA	FPGT	ALDOART2
KEGG_MM_GALACTOSE_METABOLISM	GCK	GLA	AKR1B3	AKR1B7	GLB1	AKR1B8	G6PC	G6PC2	GAA	GALT	B4GALT1	GALK1	HK1	HK2	LALBA	PFKL	PFKM	HK3	HKDC1	UGP2	LCT	MGAM	GALM	B4GALT2	PFKP	PGM2	AKR1B10	G6PC3	SIS	PGM1	GALE	GANC
KEGG_MM_GLUCAGON_SIGNALING_PATHWAY	ACACB	PHKB	GCK	PPP4R3B	PRKAA1	LDHAL6B	ACACA	CAMK2D	PRKAA2	PRKAB2	PRKAG2	PYGB	PHKA2	PYGL	AKT1	AKT2	ATF2	ATF4	CALM1	CALM2	CALM3	CAMK2A	CAMK2B	CAMK2G	CPT1A	CPT1B	CREB1	CREB3	CREBBP	FBP2	FBP1	G6PC	G6PC2	GCG	GCGR	GNAQ	GNAS	GYS1	PRMT1	ITPR1	ITPR2	ITPR3	LDHA	LDHB	LDHC	SIK1	PCK1	PDE3B	PDHA1	PDHA2	PFKFB1	PFKL	PFKM	PGAM1	PHKA1	PHKG1	PKM	PRKACA	PRKACB	PLCB1	PLCB2	PLCB3	PLCB4	PPARA	PPARGC1A	PPP3CA	PPP3CB	PPP3CC	PPP3R1	PPP3R2	PRKAB1	PRKAG1	PYGM	SLC2A1	SLC2A2	CREB3L2	CREB3L3	ADCY2	CREB5	GYS2	SIK2	AKT3	PRKAG3	4932429P05RIK	4930415L06RIK	CREB3L1	EP300	CALM5	PGAM2	PPP4C	PFKP	FOXO1	PDHB	G6PC3	PPP4R3A	PHKG2	CALML3	CRTC2	PCK2	CALML4	CPT1C	CREB3L4	CALM4	SIRT1
KEGG_MM_GLUTATHIONE_METABOLISM	GM3776	GSTA5	NAT8F7	NAT8F6	GSTT3	GGCT	PGD	PRDX6	G6PD2	G6PDX	GGT1	GCLC	GCLM	LANCL1	GPX1	GPX2	GPX3	GPX5	GSR	GSS	GSTA1	GSTA2	GSTA3	GSTA4	GSTM1	GSTM2	GSTM3	GSTM4	GSTM5	GSTM6	GSTP2	GSTP1	GSTT1	GSTT2	GSTO1	IDH1	ANPEP	ODC1	RRM1	RRM2	SMS	GGT7	SRM	MGST2	GSTP3	GGT5	IDH2	PRDX6B	LDC1	RRM2B	HPGDS	MGST1	GPX4	TXNDC12	NAT8F1	MGST3	LAP3	GPX7	CHAC2	GSTO2	GSTM7	NAT8	NAT8F5	CHAC1	GPX8	GGT6	OPLAH	GPX6	GSTT4	GSTK1	NAT8F2	NAT8F3
KEGG_MM_GLYCEROLIPID_METABOLISM	GPAT4	DGKZ	DGKG	DGKQ	ALDH7A1	GLA	ALDH2	ALDH3A2	AKR1B3	PNPLA3	AKR1B7	CEL	DGKA	DGAT1	AKR1B8	LPIN1	GYKL1	GK2	GPAM	GK	LIPC	LIPG	LPL	PNLIPRP1	PNLIPRP2	PLPP1	ABHD16A	GPAT2	DGKB	MBOAT1	LCLAT1	TKFC	DGKD	GPAT3	MOGAT2	GLYCTK	MGLL	AGPAT3	DGKI	DGKK	DGKH	PLPP4	PLPP2	AGPAT5	AGPAT1	DGKE	ALDH9A1	AKR1A1	LPIN2	LPIN3	PNPLA2	MBOAT2	AGPAT2	LIPF	DGAT2	AKR1B10	PLPP3	AGPAT4	MOGAT1	PNLIP	AGK	PLPP5	ALDH1B1
KEGG_MM_GLYCEROPHOSPHOLIPID_METABOLISM	GPAT4	DGKZ	PLD4	DGKG	DGKQ	CDS2	ACHE	CHAT	CHKB	CHKA	PCYT1A	DGKA	LPIN1	GPD1	GPD2	GNPAT	GPAM	LPCAT3	LCAT	PEMT	LYPLA1	PLA2G1B	PLA2G2A	PLA2G2C	PLA2G2D	PLA2G4A	PLA2G5	PLD1	PLD2	PLD3	PLPP1	PTDSS1	PLA2G15	LPCAT1	PLA2G4B	CHPT1	ETNK2	GPAT2	DGKB	MBOAT1	LCLAT1	PLAAT3	LPGAT1	DGKD	GPAT3	PLA2G4C	PCYT1B	PLA2G3	PHOSPHO1	PNPLA7	LYPLA2	PLA2G10	PLA2G2E	PLA2G2F	LPCAT2	PLA2G4F	PTDSS2	SELENOI	AGPAT3	DGKI	PISD	PLA2G4E	DGKK	GPD1L	DGKH	PLPP4	PNPLA6	PLPP2	AGPAT5	CDIPT	PLA2G6	AGPAT1	DGKE	LPIN2	LPIN3	PLA2G12A	ADPRM	PLB1	CRLS1	TAFAZZIN	MBOAT2	AGPAT2	PLPP3	AGPAT4	PCYT2	PLA2G12B	LPCAT2B	ETNPPL	PLPP5	GPCPD1	PGS1	CDS1	ETNK1	MBOAT7	PLA2G4D	PLA1A	LPCAT4	CEPT1
KEGG_MM_GLYCINE_SERINE_AND_THREONINE_METABOLISM	PSPH	GLDC	PSAT1	CTH	SHMT2	MAOB	ALDH7A1	AGXT	ALAS1	ALAS2	AOC3	BHMT	BPGM	CBS	DAO	DLD	GAMT	GNMT	MAOA	PGAM1	PIPOX	SARDH	SHMT1	CHDH	SDS	GLYCTK	PHGDH	AOC2	SDSL	AGXT2	GCAT	SRR	AMT	PGAM2	TDH	GATM	GCSH	THA1	DMGDH	GRHPR
KEGG_MM_GLYCOLYSIS_GLUCONEOGENESIS	GCK	LDHAL6B	ALDH7A1	ADH1	ADH7	ADH5	GM29667	ALDH2	ALDH3A1	ALDH3A2	ALDOA	ALDOC	BPGM	DLD	ENO1	ENO2	ENO3	FBP2	FBP1	G6PC	G6PC2	GAPDH	GAPDHS	GPI1	HK1	HK2	LDHA	LDHB	LDHC	MINPP1	PCK1	PDHA1	PDHA2	PFKL	PFKM	PGAM1	PGK1	PGK2	PKM	PKLR	HK3	HKDC1	TPI1	ENO4	ALDOB	DLAT	ADH4	GALM	ALDOART1	ENO1B	PGAM2	PFKP	ALDH9A1	AKR1A1	ACSS2	ALDH3B2	PGM2	ALDH3B1	PDHB	G6PC3	ACSS1	ADPGK	PGM1	ALDH1B1	ALDH3B3	PCK2	ALDOART2
KEGG_MM_GLYCOSAMINOGLYCAN_BIOSYNTHESIS_CHONDROITIN_SULFATE_DERMATAN_SULFATE	CHPF2	B3GALT6	DSE	XYLT2	B4GALT7	XYLT1	CSGALNACT1	CHSY1	UST	CHST3	CHST11	CHST12	CHST7	CHST13	CHST14	B3GAT3	CHPF	CHST15	CSGALNACT2	CHSY3
KEGG_MM_GLYCOSAMINOGLYCAN_BIOSYNTHESIS_HEPARAN_SULFATE_HEPARIN	B3GALT6	EXT1	EXT2	HS3ST1	HS3ST3A1	NDST1	NDST2	HS3ST2	XYLT2	B4GALT7	XYLT1	HS2ST1	HS3ST5	HS6ST1	HS6ST2	HS6ST3	EXTL3	HS3ST3B1	EXTL1	EXTL2	NDST4	B3GAT3	NDST3	GLCE
KEGG_MM_GLYCOSAMINOGLYCAN_BIOSYNTHESIS_KERATAN_SULFATE	B4GALT1	ST3GAL3	ST3GAL1	ST3GAL2	B3GNT7	CHST4	B4GALT2	FUT8	B3GNT2	CHST2	B4GALT4	CHST5	B4GALT3	CHST1
KEGG_MM_GLYCOSAMINOGLYCAN_DEGRADATION	HYAL3	GUSB	ARSB	GLB1	HEXA	HEXB	HPSE	HYAL1	HYAL2	IDS	IDUA	SPAM1	SGSH	NAGLU	GALNS	HGSNAT	HPSE2	HYAL6	HYAL5	GNS	HYAL4
KEGG_MM_GLYCOSPHINGOLIPID_BIOSYNTHESIS_GANGLIO_SERIES	SLC33A1	GLB1	B4GALNT1	HEXA	HEXB	ST3GAL1	ST3GAL2	ST6GALNAC3	ST6GALNAC4	ST8SIA1	ST3GAL5	ST8SIA5	ST6GALNAC5	ST6GALNAC6	B3GALT4
KEGG_MM_GLYCOSPHINGOLIPID_BIOSYNTHESIS_GLOBO_AND_ISOGLOBO_SERIES	GLA	FUT1	FUT2	FUT9	HEXA	HEXB	NAGA	ST3GAL1	ST3GAL2	ST8SIA1	A3GALT2	GBGT1	A4GALT	B3GALNT1	SEC1	B3GALT5
KEGG_MM_GLYCOSPHINGOLIPID_BIOSYNTHESIS_LACTO_AND_NEOLACTO_SERIES	B3GNT5	FUT1	FUT2	FUT4	FUT7	FUT9	GCNT2	GGTA1	B4GALT1	ST3GAL3	ST3GAL4	ST8SIA1	B3GNT4	A4GALT	B3GALT1	B3GALT2	B3GALNT1	B4GALT2	B3GNT2	ST3GAL6	B4GALT4	SEC1	B4GALT3	B3GNT3	ABO	B3GALT5
KEGG_MM_GLYCOSYLPHOSPHATIDYLINOSITOL_(GPI)-ANCHOR_BIOSYNTHESIS	PIGH	DPM2	GPAA1	PIGQ	GPLD1	PIGA	PIGF	MPPE1	PIGU	PIGV	PIGZ	PGAP1	PIGN	PIGS	PIGL	PIGK	PIGG	PIGB	PIGP	PIGO	PIGYL	PIGC	PIGM	PIGW	PIGX	PIGT
KEGG_MM_GLYOXYLATE_AND_DICARBOXYLATE_METABOLISM	GLDC	SHMT2	ACAT1	ACAT2	PCCA	ACO1	ACO2	AGXT	CAT	CS	DLD	GLUL	HAO1	MDH2	MDH1	MMUT	SHMT1	ACAT3	GLYCTK	AMT	HAO2	ACSS2	PCCB	PGP	HOGA1	GCSH	HYI	ACSS1	AFMID	CSL	MCEE	GRHPR
KEGG_MM_GROWTH_HORMONE_SYNTHESIS_SECRETION_AND_ACTION	ADCY4	ADCY3	RAF1	ADCY6	ADCY7	ADCY8	ADCY9	AKT1	AKT2	ATF2	ATF4	CACNA1C	CACNA1D	CACNA1S	SOCS3	SOCS1	CREB1	CREB3	CREBBP	ATF6B	BCAR1	CRK	CRKL	PTK2	FOS	GH	GHR	GHRH	GHRHR	GNA11	GNAI1	GNAI2	GNAI3	GNAQ	GNAS	GRB2	HRAS	IGF1	IGFALS	IGFBP3	IRS1	IRS3	IRS4	ITPR1	ITPR2	ITPR3	JAK2	JUNB	KRAS	NRAS	PIK3CA	PIK3CD	PIK3R1	PIK3R2	PIK3R3	POU1F1	PRKACA	PRKACB	PRKCA	PRKCB	PRKCG	PLCB1	PLCB2	PLCB3	PLCB4	PLCG1	MAPK11	SHC1	SHC3	SST	SSTR1	SSTR2	SSTR3	SSTR5	SOS1	SOS2	GHSR	STAT1	STAT3	STAT5A	STAT5B	CREB3L2	CREB3L3	ADCY2	SHC2	SOCS2	ADCY5	CREB5	PLCG2	AKT3	MRAP2	MAP2K1	MAP2K2	MAP2K3	MAP2K4	MAP2K6	MAP3K1	MAPK1	MAPK10	MAPK13	MAPK14	MAPK3	MAPK8	MAPK9	CREB3L1	ADCY10	SHC4	MAPK12	EP300	IRS2	ADCY1	CACNA1F	GSK3B	MTOR	GHRL	PIK3CB	CREB3L4
KEGG_MM_HIF-1_SIGNALING_PATHWAY	LDHAL6B	CAMK2D	EGLN1	EGLN2	EGLN3	GM29667	ANGPT1	ANGPT2	ANGPT4	AKT1	AKT2	ALDOA	ALDOC	ARNT	BCL2	CAMK2A	CAMK2B	CAMK2G	CDKN1A	CDKN1B	CREBBP	CYBB	EDN1	EGF	EGFR	EIF4E	EIF4EBP1	ENO1	ENO2	ENO3	EPO	ERBB2	FLT1	GAPDH	HIF1A	HK1	HK2	HMOX1	IFNG	IFNGR1	IFNGR2	IGF1	IGF1R	IL6	IL6RA	INS1	INS2	INSR	LDHA	LDHB	LDHC	LTBR	PFKFB3	MKNK1	MKNK2	NFKB1	NOS2	NOS3	PDHA1	PDHA2	PFKL	PFKM	PGK1	PGK2	PIK3CA	PIK3CD	PIK3R1	PIK3R2	PIK3R3	PRKCA	PRKCB	PRKCG	SERPINE1	PLCG1	RELA	RPS6	SLC2A1	STAT3	HK3	HKDC1	TEK	EIF4E1B	TIMP1	TLR4	TRF	TFRC	VEGFA	VHL	ENO4	PDK1	ALDOB	NPPA	PLCG2	AKT3	MAP2K1	MAP2K2	MAPK1	MAPK3	EIF4E2	EP300	ALDOART1	ENO1B	PFKP	RBX1	MTOR	RPS6KB2	ELOB	ELOC	PDHB	CUL2	INHCA	RPS6KB1	PIK3CB	ALDOART2
KEGG_MM_HIPPO_SIGNALING_PATHWAY	WTIP	FBXW11	CSNK1D	SCRIB	ACTB	ACTG1	AFP	AMH	APC	BIRC3	BIRC2	BIRC5	AREG	AXIN1	AXIN2	BMP2	BMP4	BMP5	BMP6	BMP7	BMP8A	BMP8B	BMPR1A	BMPR1B	BMPR2	BTRC	CTNNA1	CTNNA2	CTNNB1	CCND1	CCND2	CCND3	CDH1	PATJ	DLG1	DLG4	DVL1	DVL2	DVL3	FGF1	CCN2	FZD1	FZD3	FZD4	FZD5	FZD6	FZD7	FZD8	FZD9	GDF5	GLI2	ID1	ID2	ITGB2	ITGB2L	AJUBA	LATS1	LEF1	LLGL1	BBC3	CRB1	SMAD1	SMAD2	SMAD3	SMAD4	SMAD7	MYC	NF2	PRKCI	PRKCZ	SERPINE1	PPP1CA	PPP1CB	PPP1CC	PPP2CA	PPP2CB	SNAI2	SOX2	WNT8A	TRP53BP2	WWC1	TCF7	TCF7L1	TCF7L2	CTNNA3	TEAD1	TEAD2	TEAD3	TEAD4	WNT9A	LLGL2	TGFB1	TGFB2	TGFB3	TGFBR1	TGFBR2	TRP73	WNT1	WNT10A	WNT10B	WNT11	WNT9B	WNT2	WNT2B	WNT3	WNT3A	WNT4	WNT5A	WNT5B	WNT6	WNT7A	WNT7B	WNT8B	YAP1	YWHAE	YWHAG	YWHAH	YWHAQ	YWHAZ	MOB1A	APC2	GDF7	DLG2	CRB2	GDF6	PPP2R2C	CSNK1E	AMOT	LIMD1	FRMD6	PPP1CC	LATS2	PPP2R1A	PPP2R2D	DLG3	YWHAB	PALS1	STK3	RASSF1	PARD6A	GSK3B	FZD2	PARD6B	SAV1	MOB1B	DLG5	PPP2R2A	NKD2	PPP2R2B	RASSF6	PPP2R1B	WNT16	PARD6G	PARD3	FZD10	NKD1	WWTR1
KEGG_MM_HISTIDINE_METABOLISM	CARNS1	MAOB	ALDH7A1	ASPA	ALDH2	ALDH3A1	ALDH3A2	HNMT	FTCD	HAL	HDC	MAOA	AOC1L1	AOC1L3	UROC1	CNDP1	ALDH9A1	ALDH3B2	CNDP2	CARNMT1	ALDH3B1	AOC1L2	AMDHD1	ALDH1B1	ALDH3B3	AOC1
KEGG_MM_IL-17_SIGNALING_PATHWAY	TRAF3IP2	SRSF1	DEFB6	CASP3	CASP8	CEBPB	CHUK	CSF2	CSF3	IL25	FADD	FOS	FOSB	FOSL1	CXCL1	HSP90AB1	HSP90AA1	ELAVL1	CXCL10	IFNG	IKBKB	IKBKG	IL13	IL17A	IL17RA	IL1B	IL4	IL5	IL6	JUN	JUND	LCN2	IL17RC	MMP13	MMP3	MMP9	MUC5AC	NFKB1	NFKBIA	MAPK11	PTGS2	RELA	S100A8	S100A9	CCL11	CCL12	CCL17	CCL2	CCL20	CCL7	CXCL2	CXCL5	TNF	TNFAIP3	HSP90B1	TRAF2	TRAF3	TRAF4	TRAF5	TRAF6	MAPK4	IL17C	IL17D	MAPK7	IL17F	MAP3K7	MAPK1	MAPK10	MAPK13	MAPK14	MAPK3	MAPK8	MAPK9	DEFB3	MAPK12	USP25	CXCL3	MAPK15	MAPK6	IL17RB	IL17B	TBK1	IKBKE	DEFB4	GSK3B	IL17RE	ANAPC5	TAB3	TAB2	TRADD	MUC5B	MMP1A	MMP1B
KEGG_MM_INOSITOL_PHOSPHATE_METABOLISM	INPP5F	FIG4	SYNJ1	ALDH6A1	PI4KB	PIP4K2B	IMPA2	PLCZ1	PIP4K2C	INPP1	INPP5B	INPP5D	INPPL1	MTMR4	INPP5J	MINPP1	MTM1	PIK3C2A	PIK3C2G	PIK3CA	PIK3CD	PIKFYVE	PIP5K1C	PIP4K2A	PIP5K1B	PIP5K1A	PLCB1	PLCB2	PLCB3	PLCB4	PLCD1	PLCD4	PLCG1	INPP5K	PTEN	SYNJ2	INPP5A	ITPK1	MTMR6	TPI1	PI4KA	PIK3C3	PIP5KL1	ITPKA	ITPKC	INPP4B	PLCG2	PIK3C2B	INPP4A	PLCH1	PLCH2	PIK3CG	ITPKB	OCRL	CDIPT	MTMR1	MTMR7	IMPA1	MIOX	INPP5E	PI4K2B	IPMK	ISYNA1	PLCD3	PLCE1	MTMR3	PIK3CB	IPPK	MTMR2	SACM1L	PI4K2A	MTMR14
KEGG_MM_INSULIN_SIGNALING_PATHWAY	ACACB	PHKB	GCK	RHOQ	PPP1R3E	PRKAA1	TRIP10	ACACA	RAPGEF1	PRKAA2	PRKAB2	PRKAG2	BRAF	PYGB	PHKA2	PYGL	RAF1	AKT1	AKT2	ARAF	BAD	CALM1	CALM2	CALM3	CBL	SOCS3	SOCS1	CRK	CRKL	EIF4E	EIF4EBP1	ELK1	PPP1R3A	FASN	FBP2	FBP1	FLOT1	FLOT2	G6PC	G6PC2	GRB2	GYS1	HK1	HK2	HRAS	IKBKB	INPPL1	INS1	INS2	INSR	IRS1	IRS3	IRS4	KRAS	LIPE	MKNK1	MKNK2	NRAS	PCK1	PDE3B	PDPK1	PHKA1	PHKG1	PIK3CA	PIK3CD	PIK3R1	PIK3R2	PIK3R3	PRKACA	PRKACB	PRKCI	PRKCZ	PKLR	PPARGC1A	PPP1CA	PPP1CB	PPP1CC	PRKAB1	PRKAG1	PRKAR1A	PRKAR1B	PRKAR2A	PRKAR2B	PTPN1	PTPRF	PYGM	RHEB	RPS6	SORBS1	SHC1	SHC3	SLC2A4	SOS1	SOS2	SREBF1	CBLB	HK3	INPP5A	HKDC1	SHC2	SOCS2	EIF4E1B	TSC2	PPP1R3D	GYS2	AKT3	SH2B2	PRKAG3	PPP1R3B	MAP2K1	MAP2K2	MAPK1	MAPK10	MAPK3	MAPK8	MAPK9	EIF4E2	SHC4	IRS2	PPP1CC	CALM5	PPP1R3C	EXOC7	PPP1R3F	FOXO1	GSK3B	MTOR	RPS6KB2	TSC1	SOCS4	G6PC3	PHKG2	CALML3	RPS6KB1	RPTOR	PCK2	PIK3CB	CALML4	CALM4
KEGG_MM_JAK-STAT_SIGNALING_PATHWAY	GM13305	RAF1	AKT1	AKT2	IL22B	AOX1	BCL2	BCL2L1	CCND1	CCND2	CCND3	CDKN1A	CISH	SOCS3	SOCS1	CNTF	CNTFR	CREBBP	CSF2	CSF2RA	CSF2RB	CSF2RB2	CSF3	CSF3R	CTF1	EGF	EGFR	EPO	EPOR	FHL1	GFAP	GH	GHR	GRB2	PTPN6	HRAS	IFNA1	IFNA11	IFNA2	IFNA4	IFNA5	IFNA6	IFNA7	IFNA9	IFNAB	IFNAR1	IFNAR2	IFNB1	IFNG	IFNGR1	IFNGR2	IL10	IL10RA	IL10RB	IL11	IL11RA1	IL11RA2	IL12A	IL12B	IL12RB1	IL12RB2	IL13	IL13RA1	IL13RA2	IL15	IL15RA	IL2	IL2RA	IL2RB	IL2RG	IL3	IL3RA	IL4	IL4RA	IL5	IL5RA	IL6	IL6RA	IL6ST	IL7	IL7R	IL9	IL9R	IRF9	JAK1	JAK2	JAK3	LEP	LEPR	LIF	LIFR	MCL1	PIAS2	MPL	MYC	OSM	OSMR	PDGFA	PDGFB	PDGFRA	PDGFRB	PIK3CA	PIK3CD	PIK3R1	PIK3R2	PIK3R3	PIM1	PRL	PRL6A1	PRLR	SOCS7	PTPN11	PTPN2	SOS1	SOS2	STAM	STAT1	STAT2	STAT3	STAT4	STAT5A	STAT5B	STAT6	IL23R	AOX2	IL20RB	SOCS2	THPO	PIAS3	IFNA13	IFNA16	IFNE	IL22RA1	IL22RA2	IL20RA	AKT3	IL17D	IFNA15	IFNA12	IFNLR1	CTF2	PRL5A1	EP300	IL19	IFNL2	IFNL3	IFNK	IFNA14	IL22	IL27RA	TSLP	SOCS6	TYK2	STAM2	SOCS5	PIAS1	MTOR	CRLF2	IL20	PIAS4	IL21R	IL21	SOCS4	AOX3	AOX4	PIK3CB	IL23A	IL24
KEGG_MM_LINOLEIC_ACID_METABOLISM	CYP3A41B	CYP2J11	CYP2C50	ALOX15	CYP1A2	CYP2C29	CYP2C37	CYP2C38	CYP2C39	CYP2C40	CYP2E1	CYP2J5	CYP2J6	CYP3A11	CYP3A13	CYP3A16	PLA2G1B	PLA2G2A	PLA2G2C	PLA2G2D	PLA2G4A	PLA2G5	PLA2G4B	PLAAT3	CYP2C70	CYP2C23	CYP2J13	PLA2G4C	PLA2G3	CYP2J12	PLA2G10	PLA2G2E	PLA2G2F	PLA2G4F	PLA2G4E	CYP3A44	CYP2C54	CYP2C68	PLA2G6	CYP3A41A	CYP3A25	PLA2G12A	CYP2J8	PLB1	PLA2G12B	CYP2C66	CYP2C55	CYP2C65	CYP2J9	PLA2G4D
KEGG_MM_LIPOIC_ACID_METABOLISM	ACSM1	LIPT1	LIPT2	LIAS
KEGG_MM_LONGEVITY_REGULATING_PATHWAY	ADCY4	ADCY3	PRKAA1	PRKAA2	PRKAB2	PRKAG2	EHMT2	ADIPOQ	ADCY6	ADCY7	ADCY8	ADCY9	AKT1	AKT2	ATG5	ATF2	ATF4	BAX	CAMK4	CAT	RB1CC1	CREB1	CREB3	ATF6B	EIF4E	EIF4EBP1	SESN1	HRAS	IGF1	IGF1R	INS1	INS2	INSR	IRS1	IRS3	IRS4	KL	KRAS	NFKB1	NRAS	PIK3CA	PIK3CD	PIK3R1	PIK3R2	PIK3R3	PRKACA	PRKACB	PPARG	PPARGC1A	PRKAB1	PRKAG1	RELA	RHEB	SOD2	CAMKK2	CREB3L2	CREB3L3	STK11	ADCY2	EIF4E1B	TRP53	TSC2	ULK1	ADCY5	SESN2	CREB5	AKT3	PRKAG3	CREB3L1	EIF4E2	IRS2	ADCY1	ATG13	FOXO1	FOXO3	MTOR	RPS6KB2	TSC1	AKT1S1	ATG101	ADIPOR2	RPS6KB1	ADIPOR1	APPL1	RPTOR	PIK3CB	SESN3	EHMT1	CREB3L4	SIRT1
KEGG_MM_LYSINE_DEGRADATION	GM45935	NSD2	EHMT2	ACAT1	ACAT2	PRDM2	ALDH7A1	ALDH2	ALDH3A2	SMYD1	DLD	MECOM	EZH1	EZH2	HADH	BBOX1	NSD1	PLOD1	PIPOX	ASH1L	TMLHE	SETD1B	DOT1L	SUV39H1	DHTKD1	PRDM9	KMT2A	ACAT3	PRDM6	KMT5B	SMYD2	KMT2C	KMT5C	SETD1A	NSD3	COLGALT1	HYKK	SETD2	SETDB2	AADAT	PLOD2	PLOD3	COLGALT2	GCDH	AASS	KMT2D	ALDH9A1	SUV39H2	KMT5A	KMT2E	SMYD3	PRDM16	ALDH1B1	PHYKPL	SETD7	CAMKMT	EHHADH	SETMAR	KMT2B	EHMT1	DLST	SETDB1	ECHS1	HADHA
KEGG_MM_MANNOSE_TYPE_O-GLYCAN_BIOSYNTHESIS	B4GAT1	FUT4	FUT9	B4GALT1	LARGE1	ST3GAL3	POMGNT2	RXYLT1	POMT2	LARGE2	FKRP	FKTN	MGAT5B	B3GAT2	B4GALT2	B4GALT3	POMGNT1	POMK	CRPPA	B3GAT1	B3GALNT2	CHST10	POMT1
KEGG_MM_METABOLIC_PATHWAYS	MTHFSL	CYP4A32	NDUFB4C	CYP3A41B	AMD2	GM3776	GSTA5	NDUFB4B	HSD3B8	HSD3B9	NAT8F7	AMY2A4	AMY2A3	AMY2A2	CYP2J11	PAFAH2	H6PD	IL4I1	LAO1	NAT8F6	UGT2B38	PSPH	ACACB	UGT2B34	ENTPD4B	CHPF2	INPP5F	HSD3B7	AK6	GPAT4	XYLB	ALG9	GSTT3	RDH9	UPB1	FIG4	MGAT4B	PNPO	NT5M	RPN1	GCK	SYNJ1	CYP27A1	ADCY4	ADCY3	ACLY	NDUFB11	GLDC	DGKZ	PLD4	ALDH6A1	ADI1	AKR1C18	GMPR2	THTPA	TECR	LDHAL6B	PPCS	CYP2C50	GLYAT	CARNS1	PSAT1	GM45935	ACACA	EPRS	NT5C3	RDH1	ASMT	PI4KB	UAP1	ALDH1L1	HAAO	NSD2	CTH	MTHFS	MGAT5	SHMT2	PIP4K2B	B3GNT5	ATIC	GALNT2	GALNT7	MTHFD1	MAT2B	RIMKLB	ATP6V1H	GPT2	GALNT16	RDH13	B4GAT1	SEPHS1	ME3	ACY1	AMPD2	HYAL3	RPP14	MAOB	BLVRA	PGM3	GLO1	CBR3	ASL	AMY2A5	GUSB	DUT	PYGB	PYGL	CYP11B1	MPI	EHMT2	GGCT	FDPS	DGKG	PGD	COX6B1	PDE4C	QDPR	PIGH	ACAT1	ACAT2	DGKQ	PRDM2	PRPS2	ALDH7A1	PCCA	PDE6C	CDS2	ATP6V1B1	HLCS	UGT2B37	AANAT	ACADL	ACADM	ACADVL	ACAA1A	ACADS	ATP6V0B	SLC33A1	ACO1	ACO2	ACOX1	ACP1	ACP2	ACP5	IMPA2	ASPA	ADA	PLCZ1	ADCY6	ADCY7	ADCY8	ADCY9	ADH1	ADH7	ADH5	ADK	GM29667	ADSL	ADSSL1	ADSS	GLA	AGXT	AHCYL	AK1	AK2	AK4	ALPL	AKP3	ALPPL2	ALAS1	ALAS2	ALDH1A1	ALDH2	ALDH3A1	ALDH3A2	ALDOA	ALDOC	AKR1B3	ALOX12	ALOX12E	ALOX12B	ALOX15	ALOX8	ALOX5	PNPLA3	AMD1	ACSM1	PIP4K2C	AMPD3	MAT1A	AMY1	AOC3	PRDX6	B3GALT6	AOX1	APRT	ARG1	ARG2	ART2A	ART2B	ARSB	ARSA	ASAH1	ASS1	ATP4A	ATP4B	ATP5A1	ATP5B	ATP5C1	ATP5PB	ATP5G1	ATP5J	ATP5K	ATP6V1A	ATP6V1B2	ATP6V0D1	ATP6V1E1	ATP6V0E	ATP6V0A1	ATP6V0C	AUH	AKR1B7	BAAT	BCAT1	BCAT2	BCKDHA	BCKDHB	GLB1	BHMT	SMYD1	BST1	BPGM	CAR8	CAR1	CAR2	CAR3	CAR4	CAR5A	CAR6	CAR7	CAT	CBR1	CBR2	CBS	CD38	ENTPD1	ENTPD2	ENTPD6	ENTPD5	CDO1	CEL	CHKB	CHKA	ELOVL3	CKB	CKM	CKMT1	CMAS	COMT	COQ7	COX17	COX4I1	COX5A	COX5B	COX6A1	COX6A2	COX6C	COX7A1	COX7A2	COX7C	COX8A	COX8B	CPOX	CS	PCYT1A	CYCS	CYCT	CYP11A1	CYP11B2	CYP17A1	CYP19A1	CYP1A1	CYP1A2	CYP21A1	CYP24A1	CYP26A1	CYP2A12	CYP2A4	CYP2A5	CYP2B10	CYP2B13	CYP2B19	CYP2B9	CYP2C29	CYP2C37	CYP2C38	CYP2C39	CYP2C40	CYP2E1	CYP2J5	CYP2J6	CYP3A11	CYP3A13	CYP3A16	CYP27B1	CYP4A10	CYP4A12B	CYP4A14	CYP51	CYP7A1	CYP8B1	DAD1	DGKA	DAO	DBH	DBT	DCK	PCBD1	DCT	DDC	DDOST	DEGS1	DGAT1	DHCR7	DHFR	DLD	DNMT1	DNMT3A	DNMT3B	DPAGT1	DPM1	DPM2	EBP	ENO1	ENO2	ENO3	EPHX2	ESD	MECOM	EXT1	EXT2	MAN2A2	HNMT	ATP6V0A4	EZH1	EZH2	ACSL1	FAH	FASN	FBP2	FBP1	FDFT1	FECH	AKR1B8	FH1	FHIT	IL4I1	LPIN1	FMO1	FMO3	FMO5	FPGS	FTCD	FUT1	FUT2	FUT4	FUT7	FUT9	GANAB	G6PC	G6PC2	G6PD2	G6PDX	GAA	GAD1	GAD2	GALC	B4GALNT1	GALNT1	GALNT3	GALNT4	GALT	GAMT	GAPDH	GAPDHS	GART	GBA	GCH1	GCNT1	GCNT2	GDA	GFPT1	GFPT2	GGPS1	GGTA1	B4GALT1	GGT1	GYKL1	GK2	GCLC	GCLM	GALK1	GLUL	HAGH	GLS	GLUD1	GNMT	GOT1	GOT2	GPAA1	GPAM	GPI1	PIGQ	GPLD1	LANCL1	GPX1	GPX2	GPX3	GPX5	GSR	GSS	GSTA1	GSTA2	GSTA3	GSTA4	GSTM1	GSTM2	GSTM3	GSTM4	GSTM5	GSTM6	GSTP2	GSTP1	GSTT1	GSTT2	GSTO1	GSTZ1	GUCY2C	GUCY2D	GUCY2E	GUK1	GK	GYS1	H2-KE6	HADH	HSD17B10	HAL	HAO1	HCCS	HDC	HEXA	HEXB	HGD	HK1	HK2	HMBS	HMGCL	HMGCR	HMGCS2	HMOX1	HMOX2	HPSE	HPD	LIPC	HPRT	HSD11B1	HSD11B2	HSD17B1	HSD17B2	HSD17B3	HSD17B4	HSD17B7	HSD3B1	HSD3B2	HSD3B3	HSD3B4	HSD3B5	HSD3B6	NDST1	HYAL1	HYAL2	IDH1	IDH3G	IDO1	IDS	IDUA	INPP1	INPP5B	INPP5D	INPPL1	ACOD1	STT3A	ITPA	KHK	KL	LALBA	ANPEP	LARGE1	LDHA	LDHB	LDHC	LIPG	LSS	LTA4H	LTC4S	ALAD	ELOVL6	BBOX1	IDH3B	MTMR4	PFKFB3	ACOT8	INPP5J	ACER1	AMACR	ACOT2	GALNT10	ACOT3	ACOT4	MAN1A	MAN1A2	NME7	MAN2A1	MAOA	RDH11	MGAT1	MGAT3	MIF	MINPP1	NDST2	MOCS2	ME1	MDH2	MDH1	MT-ATP6	MT-ATP8	MT-CO1	MT-CO2	MT-CO3	MT-CYTB	MT-ND1	MT-ND2	MT-ND3	MT-ND4	MT-ND4L	MT-ND5	MT-ND6	MTHFD2	MTHFR	MTM1	MMUT	MVK	NAGA	NAT1	NAT2	NAT3	NDUFA2	NDUFA4	NDUFS4	NDUFV1	NEU1	NFS1	NME1	NME2	NQO1	NNMT	NNT	NOS1	NOS2	NOS3	NPR1	NSD1	NSDHL	OAT	ODC1	OGDH	OTC	P4HA1	P4HA2	PAFAH1B1	PAFAH1B2	PAFAH1B3	PAH	PCK1	PCX	PDE1A	PDE1B	PDE1C	PDE3B	PDE4A	PDE4B	PDE6D	PDE7A	PDE8A	PDE9A	PDE6B	PDE6G	PDHA1	PDHA2	ENPP1	ENPP2	PEMT	PFKFB1	PFKFB2	PFKL	PFKM	PGAM1	PGK1	PGK2	PIGA	PIGF	PIK3C2A	PIK3C2G	PIK3CA	PIK3CD	PIKFYVE	PIP5K1C	PIP4K2A	PIP5K1B	PIP5K1A	PKM	PKLR	PLA2G1B	PLA2G2A	PLA2G2C	PLA2G2D	PLA2G4A	PLA2G5	PLCB1	PLCB2	PLCB3	PLCB4	PLCD1	PLCD4	PLCG1	PLD1	PLD2	PLD3	PLOD1	PNLIPRP1	PNLIPRP2	PNMT	PNP	PLPP1	PPOX	INPP5K	PPT1	PRODH	PRPS1	PIPOX	PTDSS1	PTEN	ATP12A	PTGDS	MVD	SARDH	NADK	ASH1L	PTGIS	PTGS1	PTGS2	TMLHE	PTS	PYGM	ABHD16A	ALDH1A2	RIMKLA	RDH5	RDH16	RENBP	RGN	RPE65	RPIA	RPN2	RRM1	RRM2	DHRS3	ACSM3	SAT1	SCD1	SCD2	SCP2	SORD	SELENBP1	SELENBP2	SGPL1	SHMT1	ST6GAL1	ST3GAL3	ST3GAL1	ST3GAL4	ST3GAL2	ST6GALNAC1	ST6GALNAC2	ST6GALNAC3	ST6GALNAC4	ST8SIA1	ST3GAL5	COX7A2L	SMPD1	SMPD2	SMS	SPAM1	SPHK1	GGT7	SPR	SEPHS2	PDE2A	SPTLC2	SQLE	GALNT6	ALG11	SETD1B	SRM	ALG1	DOT1L	SGMS1	SULT1E1	ALG3	AKR1D1	HMGCS1	HMGCLL1	SIRT7	PYCR1	STS	SUCLA2	SUCLG2	IDO2	ACNAT2	SUV39H1	ENPP3	DHTKD1	SYNJ2	ADCY2	LACC1	LPCAT1	SEPSECS	PANK3	SUOX	PLA2G4B	ADO	MGST2	HK3	INPP5A	ALDH4A1	MARS2	CHPT1	DSE	GALNT17	AOX2	PRDM9	TALDO1	TBXAS1	KMT2A	ETNK2	ALDH5A1	ENTPD3	GPAT2	A3GALT2	POMGNT2	HKDC1	PDXK	ALDH1L2	TPH2	RXYLT1	MARS1	RDH19	RDH16F2	GLS2	UGP2	ACSL6	XYLT2	NAGS	INMT	DGKB	MGAT2	L2HGDH	ACOT5	COQ6	POMT2	DGLUCY	ITPK1	MBOAT1	GMDS	TH	B4GALT7	PDE8B	GCNT4	ATP6V0A2	TK1	TKT	CHDH	MTMR6	DTYMK	TPH1	TPI1	TPO	TST	GFUS	CMPK2	TYMS	TYR	TYRP1	UGCG	UGDH	UGT1A2	UGT2B5	UGT8A	UCK1	UMPS	UOX	UPP1	UQCRQ	UQCRC1	UROD	UROS	VNN1	NAPRT	MCAT	CERK	ALG12	PI4KA	ADCY5	XDH	ACAT3	ENPP4	LCLAT1	PIK3C3	PRDM6	PDE6A	MPPE1	ST8SIA5	PLAAT3	GSTP3	NDUFS8	KMT5B	TKFC	NMRK1	CYP2C70	COX15	CYP2C23	ENO4	LCT	NMNAT2	FMO4	FMO6	GM4846	GM4847	NDUFS2	SMYD2	HIBCH	NDUFS1	CPS1	DGKD	MAN1B1	UAP1L1	GBGT1	DOLK	PIP5KL1	ATP5G3	AGPS	LARGE2	ITPKA	SMOX	SPTLC3	PIGU	GMPS	GATB	PRUNE1	AMPD1	CHIL6	AHCYL1	KYAT3	AK5	COQ3	NDUFB6	CAR9	GBA2	NPR2	GALNT12	ACNAT1	ALDOB	ACER2	CYP2J13	CYP4A29	NT5C1A	PIGV	MAN1C1	GALNT11	KMT2C	HADHB	PPAT	UGT2B36	GPAT3	SDS	B3GNT4	URAD	MAT2A	CYP26B1	DERA	GYS2	MGAM	KMT5C	PLA2G4C	ITPKC	BLVRB	MOGAT2	GALNT18	XYLT1	ACSM2	ACSM4	SETD1A	NSD3	CBR4	CSGALNACT1	COLGALT1	INPP4B	TAT	FCSK	PLCG2	GUCY1A2	RDH8	SC5D	DLAT	HYKK	GLYCTK	SETD2	ACAA1B	PHGDH	PCYT1B	ALDH8A1	PLA2G3	PFAS	PHOSPHO1	AOC2	ENPP7	HEXDC	BPNT1	CAR14	MTR	GGT5	PDE4D	OGDHL	SETDB2	GUCY1B2	IMPDH1	IMPDH2	AADAT	MGLL	A4GALT	NEU2	NT5E	PAPSS1	PAPSS2	PDE10A	ST6GAL2	PIK3C2B	FMO9	PGAP1	NEU4	GALNT5	CERS6	DHRS9	PDE11A	PDE5A	SDR16C5	BPNT2	ATP6V0D2	CYP2J12	AZIN2	UGT2B35	AOC1L1	AOC1L3	UROC1	FKRP	CYP2B23	4933405O20RIK	CYP2R1	AWAT2	GUCY2F	AMDHD2	FKTN	MPST	CSAD	ACSF3	SDSL	ALDH1A7	BTD	GNPDA1	PLOD2	PLOD3	SLC27A5	VNN3	PLA2G10	ACMSD	MGAT5B	GPHN	SPTLC1	GULO	ADH4	B3GALT1	B3GALT2	AGXT2	B3GALNT1	ABAT	ACOT1	GCAT	COLGALT2	INPP4A	MGAT4A	MECR	AHCY	ST6GALNAC5	PLCH1	PLCH2	NAT8L	PLA2G2E	PLA2G2F	CHSY1	IDH2	GALNTL6	GCDH	LPCAT2	SGSH	ASNS	TCIRG1	MTHFD1L	ADCY10	GALNT13	PLA2G4F	PLA2G7	B3GNT6	ACSM5	GYG	SRR	DGUOK	PTDSS2	PIGN	HSD17B6	PDHX	NAGLU	ATP5L	PIGS	CYP4A12A	VKORC1	SELENOI	B3GAT2	ATP5O	AGPAT3	DHRS4	TPK1	PMM1	PDE7B	SCD3	PIK3CG	AASS	HACD1	IDI1	GALM	TIGAR	FLAD1	DGKI	GLT28D2	ITPKB	ALG6	P4HA3	IDI2	OCRL	DCTD	PRDX6B	PISD	ENPP6	PIGL	PRPS1L3	ACSBG2	SCD4	PLA2G4E	PIGK	B4GALNT3	B4GALNT4	GMPPB	DGKK	LDC1	COX6B2	CYP3A44	ATP6V1G3	CNDP1	ALDOART1	OXCT2B	ACSS3	DGKH	ALG10B	KMT2D	ALG8	RRM2B	GATC	UGT1A10	UGT1A7C	UGT1A5	UGT1A9	UGT1A6B	UGT1A1	CYP2C54	PEDS1	NDUFS6	NDUFA4L2	ADCY1	ENO1B	CYP2C68	ACSL5	SGPP2	PIGG	AMT	CYP4A30B	SIRT6	NT5C	PLPP2	ACSL4	GNE	NEU3	SCLY	GALNS	ST6GALNAC6	CTPS	COQ5	HGSNAT	AGPAT5	ACAA2	NIT2	ECHDC1	LDHD	CDIPT	FOLH1	MTMR1	PLA2G6	B4GALT2	FUT8	B3GNT2	NUDT5	GAL3ST1	CYP3A41A	PMM2	RDH7	GUCY1B1	SULT2B1	B3GALT4	ELOVL1	ELOVL2	GNPNAT1	NME6	MTMR7	RFK	PPT2	NDUFA1	ATP6AP1	ASAH2	HPGDS	HPSE2	AMY2B	CYP2W1	CERS3	PDE3A	ST3GAL6	EXTL3	CYP26C1	UGT2A2	CTPS2	AGPAT1	IMPA1	PIGB	FMO2	PGAM2	DGKE	CAR5B	NAGK	PIGP	HAO2	PRODH2	EXTL1	GGCX	B4GALT5	HSD17B12	PTGES3	IVD	APIP	B4GALT4	B4GALT6	CYP3A25	PFKP	SUCLG1	ALDH18A1	FADS2	NME4	SEC1	MGST1	SPHK2	MLYCD	PIGO	TDO2	MIOX	ALG2	MOCS1	DHODH	ALDH9A1	ALDH1A3	PDXP	DOLPP1	SRD5A3	B4GALT3	MOGS	ATP5J2	TK2	HACD3	EXTL2	AKR1A1	TDH	TREH	HIBADH	SMPD3	SQOR	NAMPT	C1GALT1C1	NDUFS5	ACSS2	GUCY1A1	UGT1A8	9130409I23RIK	ALDH3B2	LIPT1	GPX4	AK9	BCO1	OXCT2A	PTGES	SIRT2	SIRT3	INPP5E	NDST4	KEG1	DPYS	SUV39H2	LPIN2	LPIN3	BHMT2	ATP5D	NDUFB5	SDHC	CNDP2	ETHE1	TXNDC12	NDUFA3	NDUFA9	NAT8F1	COX7B	ATP6V1F	UQCR10	PGLS	ACER3	PYCRL	ACYP1	NDUFB9	MSMO1	ATP6V1G2	ALG5	PIGYL	ATP6V1G1	ATP6V1C1	PLA2G12A	GMPR	ADPRM	NDUFC1	NUDT2	NDUFA12	NDUFA7	DCTPP1	CYC1	MGST3	NMNAT1	PRXL2B	NDUFB3	CYP2J8	ASRGL1	PLB1	MTHFD2L	NTPCR	GDPD1	UQCRH	CRLS1	CMPK1	UQCR11	CYP4A31	RPE	PGM2	UQCRFS1	PNP2	NT5EL	HACD4	ALG14	PPCDC	PNPLA2	ACADSB	MTAP	PCCB	NDUFB7	SDHD	SDHA	ACAD8	TRIT1	LAP3	UQCRC2	OXCT1	PAICS	PI4K2B	PGP	GATM	ATP5E	NDUFA6	LIPT2	NDUFA13	MBOAT2	L3HYPDH	CERS4	NDUFB8	NDUFA10	PIGC	GPX7	NANP	QPRT	CARNMT1	EARS2	HOGA1	ENTPD4	AGPAT2	UQCRB	MGAT4D	PIGM	MGAT4C	ALG13	AASDHPPT	SDHB	ALDH3B1	LIPF	DGAT2	IDH3A	AKR1B10	ENOPH1	MRI1	DCXR	UXS1	GALNTL5	PLPP3	ATP5G2	KMT5A	GNPDA2	NUDT12	CHAC2	NT5C3B	GCSH	HYI	NDUFB4	NDUFC2	NDUFB2	NDUFA5	GSTO2	TMEM86B	AGPAT4	PDHB	POMGNT1	STT3B	GSTM7	NDUFB10	SIRT5	NDUFS3	ASPDH	NDUFA8	MOGAT1	NAT8	G6PC3	UCKL1	DPM3	MOCOS	PMVK	GDPD3	CRYL1	FAHD1	NADK2	PCYT2	HDDC3	ACSS1	ATP6V1C2	ELOVL5	AK8	CHST8	NAT8F5	PYCR2	PNLIP	CHAC1	GMPPA	KMT2E	SAT2	NMRK2	VKORC1L1	CMBL	GPX8	MTFMT	HDDC2	IPMK	CAD	SMYD3	AOC1L2	COX11	PLA2G12B	NDUFA11	CYP2C66	AGK	GALK2	SIS	DEGS2	KYAT1	NDUFAB1	PIGW	COX10	DDO	PRDM16	KDSR	HACD2	KYNU	NT5C1B	LPCAT2B	PGM2L1	OXSM	RBKS	CHST9	CYP2U1	GGT6	AFMID	ATP5H	GALNT14	AOX3	COASY	DHDH	ETNPPL	AMDHD1	UGT2B1	THA1	ISYNA1	CSL	AOX4	COQ2	CHIT1	BDH1	CAR13	CERS5	MCCC1	GCNT3	CYP2C55	PIGX	ENTPD8	UGT2A3	ADPGK	PGM1	CDA	B3GNT3	CYP2C65	PLCD3	ALDH1B1	PCBD2	B3GAT3	NDUFV2	PHYKPL	TYMP	TM7SF2	SETD7	PHOSPHO2	ALDH3B3	NUDT16L2	CAMKMT	GUCY2G	MCEE	GADL1	ATP6V1D	4930438A08RIK	PLCE1	NMNAT3	NPL	DMGDH	CYP2S1	EHHADH	ACOT12	NUDT9	GBE1	ACSL3	CHPF	GALE	MTMR3	AHCYL2	HYAL6	TKTL2	SGMS2	PANK2	PGS1	HYAL5	CYP2J9	PCK2	ELOVL7	CDS1	SHPK	POMK	SETMAR	DHCR24	PIK3CB	ATP6V1E2	ETNK1	SIRT4	NDUFS7	KMT2B	PRPS1L1	OPLAH	COX8C	GPX6	FPGT	ACYP2	FGGY	GNS	IPPK	NUDT16	IDNK	PANK1	CRPPA	GSTT4	AGMAT	CANT1	GANC	GRHPR	ATP6V0E2	GSTK1	FADS1	GPT	TGDS	CAR12	AOC1	QRSL1	GOT1L1	UPP2	CKMT2	ALPI	CERS2	B3GAT1	NT5C2	URAH	HYAL4	MTMR2	AGL	SMPD4	EHMT1	MMAB	RDH12	MCCC2	COX7B2	NDUFV3	PLA2G4D	PDE6H	ACSBG3	CSGALNACT2	GALNT15	AK7	AACS	NADSYN1	DLST	CHSY3	SRD5A1	PIGT	NME3	TOMT	LRAT	ALDOART2	LIAS	TUSC3	CAR15	ABO	ACOX3	UCK2	SGPP1	CHIA1	NDST3	SACM1L	TKTL1	ELOVL4	PI4K2A	SETDB1	COX4I2	NAT8F2	NAT8F3	GLCE	ACOX2	ECHS1	SIRT1	CERS1	B3GALT5	ALLC	ACSBG1	NANS	C1GALT1	UGT2A1	SRD5A2	UGT1A6A	PTGES2	HADHA	MTMR14	QARS	B3GALNT2	KMO	LBR	CHST10	RDH10	LPCAT4	POMT1	OLAH	DPYD	CEPT1
KEGG_MM_METABOLISM_OF_XENOBIOTICS_BY_CYTOCHROME_P450	GM3776	GSTA5	UGT2B38	UGT2B34	GSTT3	CBR3	AKR7A5	UGT2B37	ADH1	ADH7	ADH5	ALDH3A1	CBR1	CBR2	CYP1A1	CYP1A2	CYP1B1	CYP2E1	CYP2F2	EPHX1	GSTA1	GSTA2	GSTA3	GSTA4	GSTM1	GSTM2	GSTM3	GSTM4	GSTM5	GSTM6	GSTP2	GSTP1	GSTT1	GSTT2	GSTO1	HSD11B1	SULT2A1	MGST2	UGT1A2	UGT2B5	GSTP3	UGT2B36	UGT2B35	ADH4	UGT1A10	UGT1A7C	UGT1A5	UGT1A9	UGT1A6B	UGT1A1	SULT2A4	SULT2A5	HPGDS	UGT2A2	MGST1	UGT1A8	ALDH3B2	SULT2A3	SULT2A7	MGST3	ALDH3B1	GSTO2	GSTM7	DHDH	UGT2B1	UGT2A3	ALDH3B3	CYP2S1	GSTT4	GSTK1	SULT2A8	UGT2A1	UGT1A6A
KEGG_MM_MUCIN_TYPE_O-GLYCAN_BIOSYNTHESIS	GALNT2	GALNT7	GALNT16	GALNT1	GALNT3	GALNT4	GCNT1	GALNT10	ST3GAL1	ST3GAL2	ST6GALNAC1	ST6GALNAC2	ST6GALNAC3	ST6GALNAC4	GALNT6	GALNT17	GCNT4	GALNT12	GALNT11	GALNT18	GALNT5	GALNTL6	GALNT13	B3GNT6	B4GALT5	C1GALT1C1	GALNTL5	GALNT14	GCNT3	B3GNT3	GALNT15	C1GALT1
KEGG_MM_N-GLYCAN_BIOSYNTHESIS	ALG9	MGAT4B	RPN1	MGAT5	DAD1	DDOST	DPAGT1	DPM1	DPM2	MAN2A2	GANAB	B4GALT1	STT3A	MAN1A	MAN1A2	MAN2A1	MGAT1	MGAT3	RPN2	ST6GAL1	ALG11	ALG1	ALG3	MGAT2	ALG12	MAN1B1	DOLK	MAN1C1	ST6GAL2	MGAT5B	MGAT4A	GLT28D2	ALG6	ALG10B	ALG8	B4GALT2	FUT8	ALG2	DOLPP1	SRD5A3	B4GALT3	MOGS	ALG5	ALG14	MGAT4D	MGAT4C	ALG13	STT3B	DPM3	TUSC3
KEGG_MM_NF-KAPPA_B_SIGNALING_PATHWAY	CCL21B	GM10591	GM13304	CCL21D	CARD10	TICAM1	CARD11	ERC1	PARP1	TIRAP	BIRC3	BIRC2	XIAP	ATM	BCL10	BCL2	BCL2A1A	BCL2A1B	BCL2A1C	BCL2A1D	BCL2L1	BTK	CD14	CFLAR	CHUK	CSNK2A1	CSNK2A2	CSNK2B	GADD45A	EDA	EDAR	CXCL1	ICAM1	IKBKB	IKBKG	IL1B	IL1R1	IRAK1	LAT	LBP	LCK	LTA	LTB	LTBR	BLNK	CARD14	LY96	LYN	EDARADD	GADD45B	MYD88	NFKB1	NFKB2	NFKBIA	PRKCB	PRKCQ	PLAU	PLCG1	CCL21A	PTGS2	RELA	RELB	RIPK1	CCL4	CXCL2	CXCL12	SYK	TRIM25	TLR4	TNF	TNFAIP3	TNFRSF11A	TNFRSF1A	CD40	TNFSF11	CD40LG	TRAF1	TRAF2	TRAF3	TRAF5	TRAF6	UBE2I	VCAM1	TICAM2	ZAP70	DDX58	PLCG2	GADD45G	MALT1	CCL19	TNFSF13B	EDA2R	MAP3K7	IRAK4	CXCL3	TNFSF14	MAP3K14	PIDD1	PIAS4	TAB1	TAB3	TAB2	TRADD	TNFRSF13C	CYLD
KEGG_MM_NOD-LIKE_RECEPTOR_SIGNALING_PATHWAY	DEFA30	DEFA35	DEFA41	DEFA40	DEFA27	DEFA32	DEFA37	DEFA34	DEFA2	AY761185	DEFA33	DEFA36	NLRP6	SHARPIN	TICAM1	NOD1	PKN2	DEFB6	ATG5	BIRC3	BIRC2	XIAP	RHOA	BCL2	BCL2L1	CASP1	CASP4	CASP12	CASP8	CASR	CHUK	CAMP	CTSB	CYBA	CYBB	DEFA1	DEFA29	DEFA-RS10	DEFA-RS12	DEFA-RS2	DEFA-RS4	DEFA31	DEFA25	DEFA3	DEFA4	DEFA5	DEFA6	FADD	GBP2B	GBP2	CXCL1	HSP90AB1	HSP90AA1	IFI204	IFNA1	IFNA11	IFNA2	IFNA4	IFNA5	IFNA6	IFNA7	IFNA9	IFNAB	IFNAR1	IFNAR2	IFNB1	IKBKB	IKBKG	IL18	IL1B	IL6	IRF9	ITPR1	ITPR2	ITPR3	JAK1	JUN	MFN2	MYD88	NAIP1	NAIP2	NAIP5	NAIP6	NFKB1	NFKBIA	NFKBIB	P2RX7	PRKCD	PLCB1	PLCB2	PLCB3	PLCB4	MAPK11	PSTPIP1	RIPK2	NLRP1A	RELA	RIPK1	CCL12	CCL2	CCL5	CXCL2	STAT1	STAT2	GPRC6A	BRCC3	TANK	MCU	NLRP3	DHX33	TLR4	TNF	TNFAIP3	TRAF2	TRAF3	TRAF5	TRAF6	TRIP6	TXN1	VDAC1	VDAC2	VDAC3	TRPV2	YWHAE	MAVS	GBP5	GBP7	IFNA13	IFNA16	DEFA17	CARD6	OAS1G	OAS1B	RNASEL	RBCK1	IFNA15	IFNA12	DEFB14	OAS3	OAS2	OAS1A	NOD2	MAP3K7	MAPK1	MAPK10	MAPK13	MAPK14	MAPK3	MAPK8	MAPK9	IRAK4	RNF31	NLRC4	NLRX1	TRP53BP1	DEFB3	TRPM2	MAPK12	PKN1	CXCL3	CARD9	GM5136	NLRP12	DEFA39	DEFA22	AIM2	IFNA14	DEFA23	DEFA24	NAIP7	IRF7	IRF3	MEFV	TYK2	GBP3	PANX1	TXNIP	TBK1	GABARAP	IKBKE	DEFB4	RIPK3	TXN2	GABARAPL1	TRPM7	NAMPT	ERBIN	NEK7	DEFA28	DEFA26	DEFA38	NLRP1B	DEFA21	TAB1	DEFA42	DEFA43	TAB3	MAP1LC3A	PYCARD	MFN1	MAP1LC3B	ATG12	4930544G11RIK	SUGT1	DEFA20	TAB2	GSDMD	ANTXR1	ANTXR2	STING1	DNM1L	ATG16L1	GABARAPL2
KEGG_MM_NEOMYCIN_KANAMYCIN_AND_GENTAMICIN_BIOSYNTHESIS	GCK	HK1	HK2	HK3	HKDC1
KEGG_MM_NICOTINATE_AND_NICOTINAMIDE_METABOLISM	NT5M	AOX1	ART2A	ART2B	BST1	CD38	NNMT	NNT	ENPP1	PNP	NADK	SIRT7	ENPP3	AOX2	NAPRT	NMRK1	NMNAT2	NT5C1A	NT5E	SIRT6	NT5C	NAMPT	SIRT2	SIRT3	NMNAT1	PNP2	NT5EL	QPRT	NUDT12	SIRT5	ASPDH	NADK2	NMRK2	NT5C1B	AOX3	AOX4	NMNAT3	SIRT4	NT5C2	NADSYN1	SIRT1
KEGG_MM_NITROGEN_METABOLISM	CAR8	CAR1	CAR2	CAR3	CAR4	CAR5A	CAR6	CAR7	GLUL	GLUD1	CPS1	CAR9	CAR14	CAR5B	CAR13	CAR12	CAR15
KEGG_MM_NUCLEOTIDE_METABOLISM	ENTPD4B	AK6	NT5M	GMPR2	NT5C3	AMPD2	DUT	ADA	ADK	ADSL	ADSSL1	ADSS	AK1	AK2	AK4	AMPD3	APRT	ENTPD1	ENTPD2	ENTPD6	ENTPD5	DCK	GDA	GUK1	HPRT	ITPA	NME7	NME1	NME2	ENPP1	PNP	RRM1	RRM2	ENPP3	LACC1	ENTPD3	TK1	DTYMK	CMPK2	TYMS	UCK1	UPP1	XDH	GMPS	AMPD1	AK5	NT5C1A	IMPDH1	IMPDH2	NT5E	DGUOK	DCTD	RRM2B	NT5C	CTPS	NME6	CTPS2	AK3	NME4	TK2	AK9	GMPR	DCTPP1	NTPCR	CMPK1	PNP2	NT5EL	ENTPD4	NT5C3B	UCKL1	AK8	HDDC2	NT5C1B	ENTPD8	CDA	TYMP	NUDT16L2	NUDT16	CANT1	UPP2	NT5C2	AK7	NME3	UCK2
KEGG_MM_OTHER_GLYCAN_DEGRADATION	MANBA	AGA	GLB1	GBA	HEXA	HEXB	MAN2B1	MAN2B2	NEU1	ENGASE	GBA2	HEXDC	NEU2	NEU4	NEU3	FUCA2	FUCA1	MAN2C1
KEGG_MM_OTHER_TYPES_OF_O-GLYCAN_BIOSYNTHESIS	EOGT	GALNT2	GALNT7	OGT	GALNT16	POFUT1	GALNT1	GALNT3	GALNT4	B4GALT1	LFNG	GALNT10	MFNG	RFNG	ST6GAL1	ST3GAL3	GALNT6	GALNT17	POMT2	GXYLT1	POGLUT1	GALNT12	GALNT11	GXYLT2	GALNT18	COLGALT1	ST6GAL2	GALNT5	PLOD3	XXYLT1	COLGALT2	GALNTL6	GALNT13	B3GLCT	B4GALT2	B4GALT3	C1GALT1C1	GALNTL5	GALNT14	GALNT15	POFUT2	C1GALT1	POMT1
KEGG_MM_OXIDATIVE_PHOSPHORYLATION	NDUFB4C	NDUFB4B	NDUFB11	ATP6V1H	COX6B1	ATP6V1B1	ATP6V0B	ATP4A	ATP4B	ATP5A1	ATP5B	ATP5C1	ATP5PB	ATP5G1	ATP5J	ATP5K	ATP6V1A	ATP6V1B2	ATP6V0D1	ATP6V1E1	ATP6V0E	ATP6V0A1	ATP6V0C	COX17	COX4I1	COX5A	COX5B	COX6A1	COX6A2	COX6C	COX7A1	COX7A2	COX7C	COX8A	COX8B	CYCS	CYCT	ATP6V0A4	MT-ATP6	MT-ATP8	MT-CO1	MT-CO2	MT-CO3	MT-CYTB	MT-ND1	MT-ND2	MT-ND3	MT-ND4	MT-ND4L	MT-ND5	MT-ND6	NDUFA2	NDUFA4	NDUFS4	NDUFV1	ATP12A	COX7A2L	ATP6V0A2	UQCRQ	UQCRC1	NDUFS8	COX15	NDUFS2	NDUFS1	ATP5G3	NDUFB6	ATP6V0D2	TCIRG1	ATP5L	ATP5O	COX6B2	ATP6V1G3	NDUFS6	NDUFA4L2	NDUFA1	ATP6AP1	ATP5J2	NDUFS5	ATP5D	NDUFB5	SDHC	NDUFA3	NDUFA9	COX7B	ATP6V1F	UQCR10	NDUFB9	ATP6V1G2	ATP6V1G1	ATP6V1C1	NDUFC1	NDUFA12	NDUFA7	CYC1	NDUFB3	UQCRH	UQCR11	UQCRFS1	NDUFB7	SDHD	SDHA	UQCRC2	ATP5E	NDUFA6	NDUFA13	NDUFB8	NDUFA10	UQCRB	SDHB	PPA1	ATP5G2	NDUFB4	NDUFC2	NDUFB2	NDUFA5	NDUFB10	NDUFS3	NDUFA8	ATP6V1C2	COX11	NDUFA11	NDUFAB1	COX10	ATP5H	NDUFV2	ATP6V1D	PPA2	ATP6V1E2	NDUFS7	COX8C	ATP6V0E2	LHPP	COX7B2	NDUFV3	COX4I2
KEGG_MM_OXYTOCIN_SIGNALING_PATHWAY	ADCY4	ADCY3	PIK3R6	PRKAA1	MYLK	CAMK2D	PRKAA2	PRKAB2	PRKAG2	RAF1	ACTB	ACTG1	ADCY6	ADCY7	ADCY8	ADCY9	RHOA	CACNA1C	CACNA1D	CACNA1S	CACNA2D1	CACNA2D3	CACNB1	CACNB2	CACNB3	CACNB4	CACNG1	CACNG2	CALM1	CALM2	CALM3	CAMK2A	CAMK2B	CAMK2G	CAMK4	CCND1	CD38	CDKN1A	EEF2	EEF2K	EGFR	ELK1	CACNG5	FOS	GNAI1	GNAI2	GNAI3	GNAO1	GNAQ	GNAS	HRAS	ITPR1	ITPR2	ITPR3	JUN	KCNJ12	KCNJ2	KCNJ3	KCNJ4	KCNJ5	KCNJ6	KCNJ9	KRAS	MEF2C	MYL6	PPP1R12A	NFATC1	NFATC2	NFATC3	NOS3	NPR1	NRAS	OXT	OXTR	PRKACA	PRKACB	PRKCA	PRKCB	PRKCG	PLA2G4A	PLCB1	PLCB2	PLCB3	PLCB4	PPP1CA	PPP1CB	PPP1CC	PPP3CA	PPP3CB	PPP3CC	PPP3R1	PPP3R2	PRKAB1	PRKAG1	PTGS2	RGS2	ROCK1	ROCK2	RYR1	RYR2	RYR3	CAMKK2	SRC	ADCY2	PLA2G4B	KCNJ14	MYLK3	CAMK1G	MYL6B	ADCY5	MYLK2	NPR2	NPPA	PPP1R12C	PLA2G4C	GUCY1A2	MYLK4	GUCY1B2	MAP2K5	MAPK7	PRKAG3	MAP2K1	MAP2K2	MAPK1	MAPK3	PLA2G4F	TRPM2	PIK3CG	CACNA2D4	PIK3R5	PPP1R12B	PLA2G4E	ADCY1	PPP1CC	CALM5	CAMK1	GUCY1B1	CACNG3	CACNG4	CACNG6	CACNA1F	RCAN1	CACNA2D2	GUCY1A1	4930544G11RIK	CALML3	NFATC4	CALML4	PLA2G4D	CALM4	CACNG7	CACNG8	MYL9
KEGG_MM_PI3K-AKT_SIGNALING_PATHWAY	GM2436	GM2446	GM5741	ITGA9	PIK3R6	PRKAA1	PRKAA2	PKN2	ITGA1	RAF1	ANGPT1	ANGPT2	ANGPT4	AKT1	AKT2	AREG	ATF2	ATF4	BAD	BCL2	BCL2L1	BDNF	BCL2L11	BRCA1	CASP9	CCND1	CCND2	CCND3	CCNE1	CCNE2	CD19	CDC37	CDK2	CDK4	CDK6	CDKN1A	CDKN1B	CHAD	CHRM1	CHUK	COL2A1	COL4A1	COL4A2	COL4A3	COL4A4	COL4A5	COL6A1	COL6A2	COL6A3	COL9A1	COL9A2	COL9A3	COL1A1	COL1A2	COMP	CREB1	CREB3	ATF6B	CSF1	CSF1R	CSF3	CSF3R	EFNA1	EFNA2	EFNA3	EFNA4	EFNA5	EGF	EGFR	EIF4E	EIF4EBP1	EPHA2	EPO	EPOR	ERBB2	ERBB3	ERBB4	EREG	F2R	PTK2	FASL	FGF1	FGF10	FGF15	FGF17	FGF18	FGF2	FGF3	FGF4	FGF5	FGF6	FGF7	FGF8	FGF9	FGFR1	FGFR2	FGFR3	FGFR4	VEGFD	FLT1	FLT3	FLT3L	FLT4	FN1	G6PC	G6PC2	GH	GHR	GNB1	GNB2	GNB3	GNB4	GNB5	GNGT1	GNG10	GNG12	GNG2	GNG3	GNG4	GNG5	GNG7	GNG8	GNGT2	LPAR1	GRB2	MAGI1	GYS1	HGF	NR4A1	HRAS	HSP90AB1	HSP90AA1	IBSP	IFNA1	IFNA11	IFNA2	IFNA4	IFNA5	IFNA6	IFNA7	IFNA9	IFNAB	IFNAR1	IFNAR2	IFNB1	IGF1	IGF1R	IGF2	IKBKB	IKBKG	IL2	IL2RA	IL2RB	IL2RG	IL3	IL3RA	IL4	IL4RA	IL6	IL6RA	IL7	IL7R	INS1	INS2	INSR	IRS1	ITGA2	ITGA2B	ITGA3	ITGA4	ITGA5	ITGA6	ITGA7	ITGAV	ITGB1	ITGB3	ITGB5	ITGB6	ITGB7	JAK1	JAK2	JAK3	KDR	KIT	KRAS	LAMA1	LAMA2	LAMA3	LAMA4	LAMA5	LAMB1	LAMB2	LAMB3	LAMC2	SGK3	MCL1	MDM2	MET	KITL	MTCP1	MYB	MYC	NFKB1	KLK1B4	NGF	NGFR	NOS3	NRAS	NTF3	NTRK1	NTRK2	OSM	OSMR	PCK1	PDGFA	PDGFB	PDGFRA	PDGFRB	PDPK1	PGF	PIK3CA	PIK3CD	PIK3R1	PIK3R2	PIK3R3	PRKCA	PPP2CA	PPP2CB	PPP2R3D	PRL	PRL6A1	PRLR	PTEN	ITGB4	RAC1	RBL2	RELA	RELN	RHEB	RPS6	RXRA	SGK1	SOS1	SOS2	SPP1	CREB3L2	CREB3L3	STK11	SYK	ITGA10	TCL1	TEK	PPP2R5D	TGFA	THBS1	THBS2	EIF4E1B	THBS3	THBS4	TLR4	TNC	TNR	HSP90B1	TRP53	TSC2	VEGFA	VEGFB	VEGFC	VTN	VWF	PPP2R5B	YWHAE	YWHAG	YWHAH	YWHAQ	YWHAZ	LAMC1	PPP2R5A	IFNA13	IFNA16	CREB5	GYS2	PPP2R3A	AKT3	LAMC3	TLR2	ITGA8	IFNA15	IFNA12	CHRM2	PHLPP2	COL6A6	PKN3	MAP2K1	MAP2K2	MAPK1	MAPK3	CREB3L1	PPP2R5C	PPP2R5E	PPP2R2C	EIF4E2	SGK2	TCL1B1	TCL1B4	TCL1B2	PRL5A1	PIK3CG	ITGA11	PIK3R5	PKN1	ITGB8	TNN	LPAR5	IFNA14	MAGI2	PPP2R1A	PPP2R2D	LPAR2	YWHAB	PDGFC	FOXO3	FGF21	GSK3B	MLST8	MTOR	RPS6KB2	PPP2R3C	GNG13	FGF23	TSC1	LPAR3	GNG11	COL6A5	FGF22	LPAR6	G6PC3	COL6A4	PDGFD	PPP2R2A	RPS6KB1	PPP2R2B	PPP2R1B	CRTC2	RPTOR	PCK2	DDIT4	PIK3CB	EIF4B	THEM4	LPAR4	CREB3L4	NTF5	FGF20	FGF16	TNXB	PIK3AP1	COL4A6	PHLPP1
KEGG_MM_PANTOTHENATE_AND_COA_BIOSYNTHESIS	UPB1	PPCS	ALDH2	ALDH3A2	BCAT1	BCAT2	ENPP1	ENPP3	PANK3	VNN1	CSAD	VNN3	DPYS	PPCDC	AASDHPPT	COASY	ALDH1B1	GADL1	PANK2	PANK1	DPYD
KEGG_MM_PARATHYROID_HORMONE_SYNTHESIS_SECRETION_AND_ACTION	ADCY4	ADCY3	GCM2	ARRB1	BRAF	RAF1	PDE4C	ADCY6	ADCY7	ADCY8	ADCY9	ARAF	RHOA	ATF2	ATF4	BCL2	BGLAP3	BGLAP	BGLAP2	CASR	RUNX2	CDKN1A	CREB1	CREB3	ATF6B	CYP24A1	CYP27B1	EGFR	EGR1	FGFR1	SLC34A3	FOS	GATA3	GCM1	GNA11	GNA12	GNA13	GNAI1	GNAI2	GNAI3	GNAQ	GNAS	HBEGF	ITPR1	ITPR2	ITPR3	JUND	KL	MAFB	ARHGEF1	LRP5	LRP6	MEF2A	MEF2C	MEF2D	MMP13	MMP14	MMP15	MMP16	MMP24	NACA	NR4A2	PDE4A	PDE4B	PRKACA	PRKACB	PRKCA	PRKCB	PRKCG	PLCB1	PLCB2	PLCB3	PLCB4	PLD1	PLD2	PTH	PTHLH	PTH1R	TRPV5	RXRA	RXRB	RXRG	SLC34A1	SLC34A2	SP1	CREB3L2	CREB3L3	ADCY2	ARHGEF11	ARRB2	TNFSF11	VDR	ADCY5	CREB5	PDE4D	MMP17	MMP25	MAP2K1	MAPK1	MAPK3	CREB3L1	SLC9A3R1	ADCY1	FGF23	4930544G11RIK	SOST	AKAP13	CREB3L4
KEGG_MM_PATHWAYS_OF_NEURODEGENERATION_MULTIPLE_DISEASES	NDUFB4C	NDUFB4B	DNAH7C	ATG14	FIG4	NDUFB11	DNAL1	PPIF	CAMK2D	GRM5	BRAF	DNAH5	DNAH12	DNAH1	RAF1	COX6B1	ATXN3	CHRNA7	AGER	SLC25A4	SLC25A5	APAF1	APC	APP	ARAF	ATF4	ATP2A1	ATP2A2	ATP5A1	ATP5B	ATP5C1	ATP5PB	ATP5G1	ATP5J	AXIN1	AXIN2	BAD	BAK1	BAX	BCL2	BCL2L1	BDNF	BID	CACNA1B	CACNA1C	CACNA1D	CACNA1S	CALM1	CALM2	CALM3	CAMK2A	CAMK2B	CAMK2G	CAPN1	CAPN2	CAT	CASP12	CASP3	CASP7	CASP8	CASP9	CTNNB1	RB1CC1	CCS	CDK5	CDK5R1	CHRM1	CHRM3	COX4I1	COX5A	COX5B	COX6A1	COX6A2	COX6C	COX7A1	COX7A2	COX7C	COX8A	COX8B	CSF1	CSNK2A1	CSNK2A2	CSNK2B	CYBB	CYCS	CYCT	SLC6A3	DAXX	DCTN1	DDIT3	DKK1	DLG4	DNAH11	DNAH8	DVL1	DVL2	DVL3	EIF2S1	EIF2AK3	UBE2J2	FADD	FAS	FASL	FRAT1	FZD1	FZD3	FZD4	FZD5	FZD6	FZD7	FZD8	FZD9	GNAQ	GPR37	GPX1	GPX2	GPX3	GPX5	GRIA1	GRIA2	GRIA4	GRIN1	GRIN2A	GRIN2B	GRIN2C	GRIN2D	GRM1	HSPA5	HSD17B10	HAP1	HTT	HRAS	IL1A	IL1B	IL6	ITPR1	ITPR2	ITPR3	KIF5A	KIF5B	KIF5C	KLC1	KLC2	KRAS	LRP5	LRP6	MFN2	RAB8A	PSMD7	MT-ATP6	MT-ATP8	MT-CO1	MT-CO2	MT-CO3	MT-CYTB	MT-ND1	MT-ND2	MT-ND3	MT-ND4	MT-ND4L	MT-ND5	MT-ND6	MAPT	NDUFA2	NDUFA4	NDUFS4	NDUFV1	NFKB1	NEFL	NEFM	NOS1	NOS2	NRAS	SIGMAR1	SQSTM1	PDYN	PRKCA	PRKCB	PRKCG	PLCB1	PLCB2	PLCB3	PLCB4	PLCG1	SEPTIN5	PPP3CA	PPP3CB	PPP3CC	PPP3R1	PPP3R2	MAPK11	PRNP	PRPH	PSEN1	PSEN2	PSMA2	PSMA3	PSMB1	PSMB4	PSMB5	PSMB6	PSMB7	PSMC1	PSMC2	PSMC3	PSMC5	PSMD4	PTGS2	RAB1A	RAC1	RELA	RYR1	RYR2	RYR3	ATXN1	ATXN2	SEM1	COX7A2L	SNCA	SOD1	SPTBN2	WNT8A	STX1A	FRAT2	TANK	CHRM5	SPG11	HIP1	MCU	WNT9A	PSMD2	ZFYVE1	WDR41	TNF	TNFRSF1A	TNFRSF1B	TRAF2	TRPC3	PSMD3	TUBA1A	TUBA1B	TUBA3A	TUBA4A	TUBA1C	TUBA3B	TUBB2A	TUBB3	TUBB4A	TUBB5	UBA52	UBB	UBC	UBE2L3	UBA1	UBA1Y	UBE2G2	UCHL1	ULK1	UQCRQ	UQCRC1	VDAC1	VDAC2	VDAC3	WNT1	WNT10A	WNT10B	WNT11	WNT9B	WNT2	WNT2B	WNT3	WNT3A	WNT4	WNT5A	WNT5B	WNT6	WNT7A	WNT7B	WNT8B	DCTN6	XBP1	PIK3C3	NDUFS8	ATF6	NDUFS2	ACTR1B	DNAH7B	NDUFS1	TUBB4B	ATP5G3	AMBRA1	NDUFB6	TARDBP	KLC3	ATXN2L	FUS	DKK4	NOX1	SMCR8	DNAH9	APC2	TUBAL3	PSMC4	PSMD13	DNAH14	MAP2K1	MAP2K2	MAP2K3	MAP2K6	MAP2K7	MAP3K5	MAPK1	MAPK10	MAPK13	MAPK14	MAPK3	MAPK8	MAPK9	PSMA1	PSMA4	PSMA5	PSMA6	PSMA7	PSMB2	PSMB3	VCP	MAP3K10	RAB5A	CSNK1E	PEG12	ATP5O	MAPK12	ULK2	DNAH2	ATG2A	DNAH6	COX6B2	NEFH	DNAH3	NDUFS6	NDUFA4L2	DNAI2	CALM5	NOX4	PRKN	ATG13	ATXN1L	WIPI1	ATP2A3	TOMM40	DCTN3	GRIA3	TUBA8	ACTR1A	DNAL4	NDUFA1	TUBB1	CACNA1F	DNAH10	BECN1	UBE2J1	ADRM1	ACTR10	TBK1	VAPB	GSK3B	MTOR	UBE2L6	DKK2	FZD2	PSMD8	PARK7	PSMD14	DCTN5	NDUFS5	DNAH7A	NRBF2	TOMM40L	HTRA2	ATP5D	NDUFB5	SDHC	NDUFA3	NDUFA9	COX7B	UQCR10	NDUFB9	NDUFC1	PSMD6	NDUFA12	NDUFA7	CYC1	NDUFB3	UQCRH	UQCR11	UQCRFS1	LRRK2	MAP1LC3A	NDUFB7	SDHD	SDHA	PSMD12	UQCRC2	PSMC6	ATP5E	UBE2G1	NDUFA6	PSMD9	NDUFA13	NDUFB8	NDUFA10	GPX7	MFN1	MAP1LC3B	UQCRB	DCTN4	SDHB	PPID	RAB39B	DERL1	SNCAIP	ATP5G2	TUBB6	TRAP1	ATG101	NDUFB4	NDUFC2	NDUFB2	NDUFA5	NDUFB10	NDUFS3	NDUFA8	DNAI1	CHMP2B	PINK1	PSMD11	GPX8	DCTN2	NDUFA11	DNAH17	PSMD1	NDUFAB1	CALML3	OPTN	ATP5H	NDUFV2	C9ORF72	SLC25A31	PSMA8	TUBB2B	IFT57	ALS2	UBA7	KLC4	WIPI2	NDUFS7	COX8C	GPX6	DNALI1	CALML4	PIK3R4	ATG2B	COX7B2	RPS27A	NDUFV3	ERN1	CALM4	COX4I2	CSNK1A1	WNT16	FZD10
KEGG_MM_PENTOSE_AND_GLUCURONATE_INTERCONVERSIONS	UGT2B38	UGT2B34	XYLB	GUSB	UGT2B37	AKR1B3	AKR1B7	AKR1B8	KL	SORD	UGP2	UGDH	UGT1A2	UGT2B5	UGT2B36	UGT2B35	UGT1A10	UGT1A7C	UGT1A5	UGT1A9	UGT1A6B	UGT1A1	UGT2A2	AKR1A1	UGT1A8	RPE	AKR1B10	DCXR	CRYL1	DHDH	UGT2B1	UGT2A3	FGGY	CRPPA	UGT2A1	UGT1A6A
KEGG_MM_PENTOSE_PHOSPHATE_PATHWAY	H6PD	PGD	PRPS2	ALDOA	ALDOC	FBP2	FBP1	G6PD2	G6PDX	GPI1	PFKL	PFKM	PRPS1	RGN	RPIA	TALDO1	TKT	ALDOB	DERA	GLYCTK	PRPS1L3	ALDOART1	PFKP	PGLS	RPE	PGM2	RBKS	PGM1	TKTL2	PRPS1L1	IDNK	ALDOART2	TKTL1
KEGG_MM_PHENYLALANINE_METABOLISM	IL4I1	LAO1	MAOB	ALDH3A1	AOC3	DDC	IL4I1	GOT1	GOT2	HPD	MAOA	MIF	PAH	TAT	AOC2	GM4952	ALDH3B2	ALDH3B1	ALDH3B3	4930438A08RIK	GOT1L1
KEGG_MM_PHENYLALANINE_TYROSINE_AND_TRYPTOPHAN_BIOSYNTHESIS	IL4I1	LAO1	IL4I1	GOT1	GOT2	PAH	TAT	4930438A08RIK	GOT1L1
KEGG_MM_PHOSPHOLIPASE_D_SIGNALING_PATHWAY	DNM3	ADCY4	ADCY3	DGKZ	PIK3R6	GRM2	GRM3	GRM5	GRM6	GRM7	RAF1	DGKG	DGKQ	ADCY6	ADCY7	ADCY8	ADCY9	AGT	AGTR1A	AGTR1B	AKT1	AKT2	ARF1	ARF2	ARF6	RHOA	AVP	AVPR2	CXCR2	DGKA	DNM1	DNM2	EGF	EGFR	F2	F2R	FCER1A	MS4A2	FCER1G	FYN	GAB1	GAB2	GNA12	GNA13	GNAS	LPAR1	GRB2	GRM1	GRM8	HRAS	INS1	INS2	INSR	KIT	KRAS	KITL	MRAS	NRAS	PDGFA	PDGFB	PDGFRA	PDGFRB	PIK3CA	PIK3CD	PIK3R1	PIK3R2	PIK3R3	PIP5K1C	PIP5K1B	PIP5K1A	PRKCA	PLA2G4A	PLCB1	PLCB2	PLCB3	PLCB4	PLCG1	PLD1	PLD2	PLPP1	CYTH1	CYTH2	CYTH3	PTGFR	PTK2B	PTPN11	RALGDS	RHEB	RRAS	SHC1	SHC3	SOS1	SOS2	SPHK1	SYK	ADCY2	PLA2G4B	SHC2	DGKB	TSC2	RAPGEF3	ADCY5	CXCR1	DGKD	PLA2G4C	PLCG2	AKT3	AVPR1B	MAP2K1	MAP2K2	MAPK1	MAPK3	GRM4	PLA2G4F	SHC4	AGPAT3	PIK3CG	DGKI	PIK3R5	PLA2G4E	DGKK	DGKH	LPAR5	ADCY1	PLPP2	AGPAT5	LPAR2	AVPR1A	PDGFC	AGPAT1	RALA	DGKE	RAPGEF4	SPHK2	MTOR	RALB	TSC1	LPAR3	RRAS2	LPAR6	AGPAT2	4930544G11RIK	PLPP3	AGPAT4	PDGFD	CYTH4	PIK3CB	LPAR4	PLA2G4D
KEGG_MM_PHOSPHONATE_AND_PHOSPHINATE_METABOLISM	PCYT1A	CHPT1	PCYT1B	SELENOI	PCYT2	CEPT1
KEGG_MM_PORPHYRIN_METABOLISM	UGT2B38	UGT2B34	EPRS	BLVRA	GUSB	UGT2B37	ALAS1	ALAS2	CP	CPOX	FECH	FXN	HCCS	HEPH	HMBS	HMOX1	HMOX2	ALAD	PPOX	UGT1A2	UGT2B5	UROD	UROS	COX15	UGT2B36	BLVRB	UGT2B35	HEPHL1	UGT1A10	UGT1A7C	UGT1A5	UGT1A9	UGT1A6B	UGT1A1	UGT2A2	UGT1A8	EARS2	COX10	UGT2B1	UGT2A3	MMAB	UGT2A1	UGT1A6A
KEGG_MM_PRIMARY_BILE_ACID_BIOSYNTHESIS	HSD3B7	CYP27A1	BAAT	CH25H	CYP46A1	CYP7A1	CYP7B1	CYP8B1	HSD17B4	ACOT8	AMACR	SCP2	AKR1D1	ACNAT2	ACNAT1	SLC27A5	CYP39A1	ACOX2
KEGG_MM_PROLACTIN_SIGNALING_PATHWAY	GCK	RAF1	AKT1	AKT2	CCND1	CCND2	CGA	CISH	SOCS3	SOCS1	CSN2	CYP17A1	ELF5	ESR1	ESR2	FOS	GALT	GRB2	HRAS	INS1	INS2	IRF1	JAK2	KRAS	LHB	LHCGR	NFKB1	NRAS	PIK3CA	PIK3CD	PIK3R1	PIK3R2	PIK3R3	MAPK11	PRL	PRL6A1	PRLR	SOCS7	RELA	SHC1	SHC3	SLC2A2	SOS1	SOS2	SRC	STAT1	STAT3	STAT5A	STAT5B	SHC2	SOCS2	TH	TNFRSF11A	TNFSF11	WAP	AKT3	MAP2K1	MAP2K2	MAPK1	MAPK10	MAPK13	MAPK14	MAPK3	MAPK8	MAPK9	SHC4	PRL5A1	MAPK12	SOCS6	SOCS5	FOXO3	GSK3B	SOCS4	PIK3CB
KEGG_MM_PROPANOATE_METABOLISM	ACACB	ALDH6A1	LDHAL6B	ACACA	PCCA	ACADS	ACOX1	BCKDHA	BCKDHB	DBT	DLD	LDHA	LDHB	LDHC	MMUT	SUCLA2	SUCLG2	HIBCH	ABAT	ACSS3	ECHDC1	SUCLG1	MLYCD	ACSS2	PCCB	ACSS1	MCEE	EHHADH	ACOX3	ECHS1	HADHA
KEGG_MM_PURINE_METABOLISM	ENTPD4B	AK6	NT5M	ADCY4	ADCY3	GMPR2	ATIC	AMPD2	PDE4C	PRPS2	PDE6C	ADA	ADCY6	ADCY7	ADCY8	ADCY9	ADK	ADSL	ADSSL1	ADSS	AK1	AK2	AK4	AMPD3	APRT	ENTPD1	ENTPD2	ENTPD6	ENTPD5	DCK	FHIT	GART	GDA	GUCY2C	GUCY2D	GUCY2E	GUK1	HPRT	ITPA	NME7	NME1	NME2	NPR1	PDE1A	PDE1B	PDE1C	PDE3B	PDE4A	PDE4B	PDE6D	PDE7A	PDE8A	PDE9A	PDE6B	PDE6G	ENPP1	PNP	PRPS1	RRM1	RRM2	PDE2A	ENPP3	ADCY2	LACC1	ENTPD3	PDE8B	UOX	ADCY5	XDH	ENPP4	PDE6A	GMPS	PRUNE1	AMPD1	AK5	NPR2	NT5C1A	PPAT	URAD	GUCY1A2	PFAS	PDE4D	GUCY1B2	IMPDH1	IMPDH2	NT5E	PAPSS1	PAPSS2	PDE10A	PDE11A	PDE5A	GUCY2F	ADCY10	DGUOK	PDE7B	PRPS1L3	RRM2B	ADCY1	NT5C	NUDT5	GUCY1B1	NME6	PDE3A	AK3	NME4	GUCY1A1	AK9	GMPR	ADPRM	NUDT2	NTPCR	PGM2	PNP2	NT5EL	PAICS	ENTPD4	HDDC3	AK8	HDDC2	NT5C1B	ENTPD8	PGM1	NUDT16L2	GUCY2G	NUDT9	PRPS1L1	NUDT16	CANT1	NT5C2	URAH	PDE6H	AK7	NME3	ALLC
KEGG_MM_PYRIMIDINE_METABOLISM	ENTPD4B	UPB1	NT5M	NT5C3	DUT	ENTPD1	ENTPD6	ENTPD5	DCK	NME7	NME1	NME2	ENPP1	RRM1	RRM2	ENPP3	ENTPD3	TK1	DTYMK	CMPK2	TYMS	UCK1	UMPS	UPP1	NT5C1A	NT5E	DCTD	RRM2B	NT5C	CTPS	NME6	CTPS2	NME4	DHODH	TK2	AK9	DPYS	NUDT2	DCTPP1	CMPK1	NT5EL	ENTPD4	NT5C3B	UCKL1	HDDC2	CAD	NT5C1B	ENTPD8	CDA	TYMP	CANT1	UPP2	NT5C2	NME3	UCK2	DPYD
KEGG_MM_PYRUVATE_METABOLISM	ACACB	LDHAL6B	ME2	ACACA	ME3	GLO1	ACAT1	ACAT2	ALDH7A1	ADH1	ADH7	ADH5	ALDH2	ALDH3A2	DLD	FH1	HAGH	LDHA	LDHB	LDHC	ME1	MDH2	MDH1	PCK1	PCX	PDHA1	PDHA2	PKM	PKLR	ACAT3	DLAT	ADH4	LDHD	ALDH9A1	AKR1A1	ACSS2	ACYP1	PDHB	ACSS1	ALDH1B1	ACOT12	PCK2	ACYP2	GRHPR
KEGG_MM_RNA_DEGRADATION	PAN2	CNOT6	SKIV2L	EXOSC4	BTG1	BTG2	BTG3	DDX6	ENO1	ENO2	ENO3	HSPD1	HSPA9	PABPC1	PABPC2	PFKL	PFKM	CNOT7	BTG1C	TENT4A	DIS3L	TENT4B	TTC37	TOB1	PATL1	ENO4	EXOSC2	PABPC4	CNOT6L	CNOT3	CNOT1	EDC4	PNLDC1	XRN1	XRN2	PABPC4L	PABPC1L2A	LSM2	EXOSC5	DCP1B	ZCCHC7	EDC3	PABPC1L	ENO1B	BTG1B	LSM4	EXOSC9	EXOSC10	CNOT4	BTG4	PFKP	TOB2	C1D	CNOT9	LSM7	WDR61	EXOSC3	LSM5	EXOSC7	EXOSC1	PABPC1L2B	LSM1	PABPC6	LSM3	MPHOSPH6	CNOT8	DCPS	EXOSC8	DCP2	PNPT1	CNOT2	DHX36	MTREX	EXOSC6	PAN3	DIS3	NUDT16L2	PARN	NUDT16	DCP1A	LSM8	LSM6	CNOT10	PABPC5
KEGG_MM_RAP1_SIGNALING_PATHWAY	PRKD2	ADCY4	ADCY3	ARAP3	RAPGEF1	BRAF	RAP1A	RAF1	RAP1GAP	ACTB	ACTG1	ADCY6	ADCY7	ADCY8	ADCY9	ADORA2A	ADORA2B	ANGPT1	ANGPT2	ANGPT4	AKT1	AKT2	RHOA	CALM1	CALM2	CALM3	CTNNB1	CTNND1	CDC42	CDH1	CNR1	BCAR1	CRK	CRKL	CSF1	CSF1R	DRD2	EFNA1	EFNA2	EFNA3	EFNA4	EFNA5	EGF	EGFR	ENAH	EPHA2	EVL	F2R	F2RL3	FGF1	FGF10	FGF15	FGF17	FGF18	FGF2	FGF3	FGF4	FGF5	FGF6	FGF7	FGF8	FGF9	FGFR1	FGFR2	FGFR3	FGFR4	VEGFD	FLT1	FLT4	FPR1	GNAI1	GNAI2	GNAI3	GNAO1	GNAQ	GNAS	LPAR1	GRIN1	GRIN2A	GRIN2B	MAGI1	HGF	HRAS	ID1	IGF1	IGF1R	INS1	INS2	INSR	ITGA2B	ITGAL	ITGAM	ITGB1	ITGB2	ITGB2L	ITGB3	KDR	KIT	KRAS	LAT	LCP2	RAC3	MET	KITL	AFDN	MRAS	KLK1B4	NGF	NGFR	NRAS	P2RY1	PDGFA	PDGFB	PDGFRA	PDGFRB	PFN1	PFN2	PGF	PIK3CA	PIK3CD	PIK3R1	PIK3R2	PIK3R3	PRKCA	PRKCB	PRKCG	PRKCI	PRKD1	PRKCZ	PLCB1	PLCB2	PLCB3	PLCB4	PLCG1	MAPK11	RAPGEF6	RAC1	RAC2	RASGRP2	RALGDS	RRAS	SIPA1	SRC	ADCY2	RAP1B	TEK	SIPA1L1	RAPGEF5	THBS1	TIAM1	TLN1	VASP	VAV1	VAV2	VEGFA	VEGFB	VEGFC	RAPGEF3	ADCY5	FARP2	AKT3	DOCK4	FYB	RASGRP3	SIPA1L2	MAP2K1	MAP2K2	MAP2K3	MAP2K6	MAPK1	MAPK13	MAPK14	MAPK3	MAPK12	LPAR5	PFN4	ADCY1	CALM5	MAGI2	RGS14	LPAR2	RASSF5	APBB1IP	PDGFC	RALA	RAPGEF4	PARD6A	FGF21	VAV3	PARD6B	RALB	FGF23	LPAR3	FGF22	4930544G11RIK	CALML3	TLN2	PDGFD	PLCE1	SIPA1L3	PIK3CB	PRKD3	PFN3	CALML4	RAPGEF2	LPAR4	SKAP1	KRIT1	CALM4	FGF20	FGF16	PARD6G	PARD3	MAGI3
KEGG_MM_RAS_SIGNALING_PATHWAY	GM5741	RAP1A	RAF1	ABL1	ABL2	RASA2	ANGPT1	ANGPT2	ANGPT4	AKT1	AKT2	ARF6	RHOA	BAD	BCL2L1	BDNF	CALM1	CALM2	CALM3	CDC42	CHUK	CSF1	CSF1R	EFNA1	EFNA2	EFNA3	EFNA4	EFNA5	EGF	EGFR	ELK1	EPHA2	FASL	FGF1	FGF10	FGF15	FGF17	FGF18	FGF2	FGF3	FGF4	FGF5	FGF6	FGF7	FGF8	FGF9	FGFR1	FGFR2	FGFR3	FGFR4	VEGFD	FLT1	FLT3	FLT3L	FLT4	GAB1	GAB2	GNB1	GNB2	GNB3	GNB4	GNB5	GNGT1	GNG10	GNG12	GNG2	GNG3	GNG4	GNG5	GNG7	GNG8	GNGT2	GRB2	GRIN1	GRIN2A	GRIN2B	HGF	HRAS	HTR7	IGF1	IGF1R	IGF2	IKBKB	IKBKG	INS1	INS2	INSR	KDR	KIT	KRAS	KSR1	LAT	RAC3	MET	KITL	AFDN	MRAS	NF1	NFKB1	KLK1B4	NGF	NGFR	NRAS	NTF3	NTRK1	NTRK2	PAK1	PAK3	PDGFA	PDGFB	PDGFRA	PDGFRB	PGF	PIK3CA	PIK3CD	PIK3R1	PIK3R2	PIK3R3	PRKACA	PRKACB	PRKCA	PRKCB	PRKCG	PLA2G1B	PLA2G2A	PLA2G2C	PLA2G2D	PLA2G4A	PLA2G5	PLCG1	PLD1	PLD2	PTPN11	RAB5B	RAB5C	RAC1	RAC2	RASGRP2	RASA3	RASAL1	RASGRF1	RASGRF2	RASGRP1	REL	RELA	RALGDS	RGL1	RGL2	RALBP1	RRAS	SHC1	SHC3	SOS1	SOS2	PLA2G4B	PAK6	RAP1B	SHC2	TEK	RAPGEF5	TGFA	RASA1	TIAM1	VEGFA	VEGFB	VEGFC	PAK2	PLAAT3	RIN1	ZAP70	RASAL2	RALGAPB	PLA2G4C	RASGRP4	PLCG2	PLA2G3	AKT3	ETS1	ETS2	SYNGAP1	RASGRP3	PAK5	RALGAPA2	MAP2K1	MAP2K2	MAPK1	MAPK10	MAPK3	MAPK8	MAPK9	PLA2G10	PLA2G2E	PLA2G2F	RAB5A	PLA2G4F	SHC4	RASAL3	PLA2G4E	KSR2	CALM5	PLA2G6	RASA4	RASSF5	FOXO4	PDGFC	RALA	RASSF1	SHOC2	TBK1	FGF21	RALGAPA1	STK4	RALB	GNG13	FGF23	GNG11	PLA2G12A	EXOC2	RRAS2	FGF22	4930544G11RIK	PLA2G12B	CALML3	PAK4	PDGFD	BRAP	PLCE1	PIK3CB	CALML4	PLA2G4D	NTF5	CALM4	FGF20	FGF16	PLA1A
KEGG_MM_RETINOL_METABOLISM	CYP4A32	CYP3A41B	UGT2B38	UGT2B34	RDH9	CYP2C50	RDH1	RDH13	UGT2B37	ADH1	ADH7	ADH5	ALDH1A1	AOX1	CYP1A1	CYP1A2	CYP26A1	CYP2A12	CYP2A4	CYP2A5	CYP2B10	CYP2B13	CYP2B19	CYP2B9	CYP2C29	CYP2C37	CYP2C38	CYP2C39	CYP2C40	CYP3A11	CYP3A13	CYP3A16	CYP4A10	CYP4A12B	CYP4A14	DGAT1	RDH11	ALDH1A2	RDH5	RDH16	RPE65	DHRS3	AOX2	RDH19	RDH16F2	UGT1A2	UGT2B5	CYP2C70	CYP2C23	CYP4A29	UGT2B36	CYP26B1	RDH8	DHRS9	SDR16C5	UGT2B35	CYP2B23	AWAT2	ALDH1A7	ADH4	HSD17B6	CYP4A12A	DHRS4	CYP3A44	UGT1A10	UGT1A7C	UGT1A5	UGT1A9	UGT1A6B	UGT1A1	CYP2C54	CYP2C68	CYP4A30B	CYP3A41A	RDH7	CYP2W1	CYP26C1	UGT2A2	CYP3A25	ALDH1A3	UGT1A8	BCO1	CYP4A31	RETSAT	CYP2C66	AOX3	UGT2B1	AOX4	CYP2C55	UGT2A3	CYP2C65	CYP2S1	RDH12	LRAT	UGT2A1	UGT1A6A	RDH10
KEGG_MM_RIBOFLAVIN_METABOLISM	ACP1	ACP2	ACP5	ENPP1	ENPP3	BLVRB	FLAD1	RFK
KEGG_MM_SELENOCOMPOUND_METABOLISM	CTH	SEPHS1	SEPHS2	SEPSECS	MARS2	PSTK	MARS1	INMT	KYAT3	TXNRD3	MTR	PAPSS1	PAPSS2	TXNRD2	TXNRD1	SCLY	KYAT1
KEGG_MM_SPHINGOLIPID_METABOLISM	GLA	ARSA	ASAH1	GLB1	DEGS1	GALC	B4GALNT1	GBA	HEXA	HEXB	ACER1	NEU1	PLPP1	PSAP	SGPL1	SMPD1	SMPD2	SPHK1	SPTLC2	SGMS1	UGCG	UGT8A	CERK	SPTLC3	GBA2	ACER2	ENPP7	NEU2	NEU4	CERS6	SPTLC1	SGPP2	PLPP2	NEU3	GAL3ST1	ASAH2	CERS3	B4GALT5	B4GALT6	SPHK2	SMPD3	9130409I23RIK	ACER3	CERS4	PLPP3	DEGS2	KDSR	CERS5	SGMS2	CERS2	PSAPL1	SMPD4	SGPP1	CERS1
KEGG_MM_SPHINGOLIPID_SIGNALING_PATHWAY	GM2436	GM2446	RAF1	ADORA1	ADORA3	AKT1	AKT2	RHOA	ASAH1	BAX	BCL2	BDKRB2	BID	CTSD	DEGS1	S1PR1	S1PR3	S1PR4	FCER1A	MS4A2	FCER1G	FYN	GAB2	GNA12	GNA13	GNAI1	GNAI2	GNAI3	GNAQ	S1PR2	HRAS	KNG1	KRAS	RAC3	ACER1	ABCC1	NFKB1	NOS3	NRAS	NSMAF	OPRD1	PDPK1	PIK3CA	PIK3CD	PIK3R1	PIK3R2	PIK3R3	PRKCA	PRKCB	PRKCG	PRKCE	PRKCZ	PLCB1	PLCB2	PLCB3	PLCB4	PLD1	PLD2	PPP2CA	PPP2CB	PPP2R3D	MAPK11	PTEN	RAC1	RAC2	RELA	ROCK1	ROCK2	SGPL1	SMPD1	SMPD2	SPHK1	SPTLC2	SGMS1	PPP2R5D	TNF	TNFRSF1A	TRAF2	TRP53	PPP2R5B	PPP2R5A	SPTLC3	ACER2	PPP2R3A	AKT3	CERS6	MAP2K1	MAP2K2	MAP3K5	MAPK1	MAPK10	MAPK13	MAPK14	MAPK3	MAPK8	MAPK9	SPTLC1	PPP2R5C	PPP2R5E	PPP2R2C	MAPK12	KNG2	SGPP2	PPP2R1A	PPP2R2D	ASAH2	CERS3	SPHK2	PPP2R3C	9130409I23RIK	CERS4	4930544G11RIK	DEGS2	TRADD	CERS5	PPP2R2A	PPP2R2B	PPP2R1B	SGMS2	PIK3CB	CERS2	SGPP1	CERS1	S1PR5
KEGG_MM_STARCH_AND_SUCROSE_METABOLISM	AMY2A4	AMY2A3	AMY2A2	GCK	AMY2A5	PYGB	PYGL	AMY1	G6PC	G6PC2	GAA	GPI1	GYS1	HK1	HK2	ENPP1	PYGM	ENPP3	HK3	HKDC1	UGP2	GYS2	MGAM	GYG	AMY2B	TREH	PGM2	G6PC3	SIS	PGM2L1	PGM1	GBE1	GANC	AGL
KEGG_MM_STEROID_BIOSYNTHESIS	CEL	CYP24A1	CYP27B1	CYP51	DHCR7	EBP	FDFT1	HSD17B7	LIPA	LSS	NSDHL	SOAT1	SQLE	SOAT2	SC5D	CYP2R1	MSMO1	TM7SF2	DHCR24	LBR
KEGG_MM_STEROID_HORMONE_BIOSYNTHESIS	CYP3A41B	HSD3B8	HSD3B9	UGT2B38	UGT2B34	AKR1C18	CYP2C50	CYP11B1	UGT2B37	COMT	CYP11A1	CYP11B2	CYP17A1	CYP19A1	CYP1A1	CYP1A2	CYP1B1	CYP21A1	CYP2B10	CYP2B13	CYP2B19	CYP2B9	CYP2C29	CYP2C37	CYP2C38	CYP2C39	CYP2C40	CYP2D10	CYP2D9	CYP2E1	CYP3A11	CYP3A13	CYP3A16	CYP7A1	CYP7B1	H2-KE6	HSD11B1	HSD11B2	HSD17B1	HSD17B2	HSD17B3	HSD17B7	HSD3B1	HSD3B2	HSD3B3	HSD3B4	HSD3B5	HSD3B6	DHRS11	SULT1E1	AKR1D1	STS	UGT1A2	UGT2B5	CYP2D34	CYP2C70	CYP2C23	UGT2B36	UGT2B35	CYP2B23	HSD17B6	CYP3A44	CYP2D12	UGT1A10	UGT1A7C	UGT1A5	UGT1A9	UGT1A6B	UGT1A1	CYP2C54	CYP2C68	CYP3A41A	SULT2B1	CYP2D11	UGT2A2	HSD17B12	CYP3A25	CYP2D22	SRD5A3	UGT1A8	CYP2C66	CYP2D40	UGT2B1	CYP2C55	UGT2A3	CYP2C65	CYP2D26	SRD5A1	TOMT	UGT2A1	SRD5A2	UGT1A6A
KEGG_MM_SULFUR_METABOLISM	SELENBP1	SELENBP2	SUOX	TST	BPNT1	PAPSS1	PAPSS2	BPNT2	MPST	SQOR	ETHE1
KEGG_MM_TGF-BETA_SIGNALING_PATHWAY	E2F4	AMHR2	ACVR1	ACVR1B	ACVR2A	ACVR2B	AMH	RHOA	BMP2	BMP4	BMP5	BMP6	BMP7	BMP8A	BMP8B	BMPR1A	BMPR1B	BMPR2	CDKN2B	CHRD	CREBBP	DCN	E2F5	LEFTY1	FBN1	FMOD	FST	GDF5	ID1	ID2	ID3	ID4	IFNG	INHBA	INHBB	INHBC	INHBE	SMAD1	SMAD2	SMAD3	SMAD4	SMAD5	SMAD6	SMAD7	MYC	NBL1	NEO1	NODAL	NOG	PITX2	PPP2CA	PPP2CB	RBL1	ROCK1	SP1	THSD4	SKP1	TFDP1	TGFB1	TGFB2	TGFB3	TGFBR1	TGFBR2	TGIF1	THBS1	ZFYVE16	TNF	TGIF2	ZFYVE9	GDF7	GREM1	GREM2	GDF6	RGMA	MAPK1	MAPK3	LTBP1	ACVR1C	CUL1	LEFTY2	EP300	PPP2R1A	SMAD9	RBX1	RPS6KB2	SMURF2	HAMP2	4930544G11RIK	BAMBI	RGMB	HJV	RPS6KB1	PPP2R1B	SMURF1	HAMP
KEGG_MM_TNF_SIGNALING_PATHWAY	AKT1	AKT2	BIRC3	BIRC2	ATF2	ATF4	BCL3	CASP3	CASP7	CASP8	CEBPB	CFLAR	CHUK	SOCS3	CREB1	CREB3	ATF6B	CSF1	CSF2	EDN1	FADD	FAS	VEGFD	FOS	CXCL1	ICAM1	CXCL10	IFI47	IFNB1	IKBKB	IKBKG	IL15	IL1B	IL18R1	IL6	IRF1	ITCH	JAG1	JUN	JUNB	LIF	LTA	MMP14	MMP3	MMP9	NFKB1	NFKBIA	PIK3CA	PIK3CD	PIK3R1	PIK3R2	PIK3R3	MAPK11	PTGS2	RELA	RIPK1	CCL12	CCL2	CCL20	CCL5	CXCL2	CXCL5	CX3CL1	SELE	CREB3L2	CREB3L3	TNF	TNFAIP3	TNFRSF1A	TNFRSF1B	TRAF1	TRAF2	TRAF3	TRAF5	VCAM1	VEGFC	CREB5	AKT3	NOD2	MAP2K1	MAP2K3	MAP2K4	MAP2K6	MAP2K7	MAP3K5	MAP3K7	MAP3K8	MAPK1	MAPK10	MAPK13	MAPK14	MAPK3	MAPK8	MAPK9	CREB3L1	MAPK12	CXCL3	GM5431	MAP3K14	RIPK3	RPS6KA4	TAB1	TAB3	BAG4	TAB2	DAB2IP	TRADD	PGAM5	RPS6KA5	DNM1L	MLKL	PIK3CB	CREB3L4
KEGG_MM_TAURINE_AND_HYPOTAURINE_METABOLISM	BAAT	CDO1	FMO1	FMO3	FMO5	GAD1	GAD2	GGT1	GGT7	ACNAT2	ADO	FMO4	FMO6	GM4846	GM4847	ACNAT1	GGT5	FMO9	CSAD	FMO2	GGT6	GADL1
KEGG_MM_TERPENOID_BACKBONE_BIOSYNTHESIS	FDPS	ACAT1	ACAT2	FNTB	FNTA	GGPS1	HMGCR	HMGCS2	MVK	MVD	RCE1	HMGCS1	ACAT3	ZMPSTE24	IDI1	IDI2	NUS1	PDSS1	ICMT	PCYOX1	DHDDS	PMVK	PDSS2
KEGG_MM_THIAMINE_METABOLISM	THTPA	ACP1	AK1	AK2	AK4	ALPL	AKP3	ALPPL2	NFS1	AK5	TPK1	NTPCR	AK8	ALPI	AK7
KEGG_MM_THYROID_HORMONE_SIGNALING_PATHWAY	DIO3	RAF1	ACTB	ACTG1	PLCZ1	AKT1	AKT2	ATP1A1	ATP1B1	ATP1B2	ATP1B3	FXYD2	ATP2A1	ATP2A2	BAD	BMP4	CASP9	CTNNB1	CCND1	CREBBP	DIO1	DIO2	ESR1	MYH7	GATA4	KAT2A	HDAC2	HDAC3	HIF1A	HRAS	ITGAV	ITGB3	KRAS	MDM2	MYC	MYH6	NCOA1	NCOA2	NCOA3	NOTCH1	NOTCH2	NOTCH3	NOTCH4	NRAS	KAT2B	PDPK1	PFKFB2	PFKL	PFKM	PIK3CA	PIK3CD	PIK3R1	PIK3R2	PIK3R3	PRKACA	PRKACB	PRKCA	PRKCB	PRKCG	PLCB1	PLCB2	PLCB3	PLCB4	PLCD1	PLCD4	PLCG1	PLN	MED1	RHEB	RXRA	RXRB	RXRG	NCOR1	SIN3A	SLC16A2	SLC2A1	SLC9A1	SRC	STAT1	TBC1D4	MED16	THRA	THRB	TRP53	TSC2	WNT4	ATP1A3	PLCG2	MED17	AKT3	MED24	MAP2K1	MAP2K2	MAPK1	MAPK3	MED14	ATP1A4	MED13	EP300	MED12L	HDAC1	ATP2A3	RCAN2	RCAN1	PFKP	FOXO1	GSK3B	MTOR	SLCO1C1	MED12	MED4	ATP1B4	MED27	MED30	PLCD3	SLC16A10	PLCE1	PIK3CB	MED13L	ATP1A2
KEGG_MM_THYROID_HORMONE_SYNTHESIS	ADCY4	ADCY3	SLC5A5	ADCY6	ADCY7	ADCY8	ADCY9	ALB	ASGR1	ASGR2	ATF2	ATF4	ATP1A1	ATP1B1	ATP1B2	ATP1B3	FXYD2	PDIA4	CANX	CGA	CREB1	CREB3	ATF6B	GNAQ	GNAS	LRP2	GPX1	GPX2	GPX3	GPX5	GSR	HSPA5	ITPR1	ITPR2	ITPR3	PAX8	PRKACA	PRKACB	PRKCA	PRKCB	PRKCG	PLCB1	PLCB2	PLCB3	PLCB4	CREB3L2	CREB3L3	ADCY2	DUOX2	TG	TPO	HSP90B1	TSHB	TSHR	TTF1	TTR	ADCY5	CREB5	ATP1A3	SLC26A4	CREB3L1	ATP1A4	SERPINA7	ADCY1	DUOXA2	GPX7	ATP1B4	GPX8	IYD	TTF2	GPX6	CREB3L4	ATP1A2	DUOX1
KEGG_MM_TOLL-LIKE_RECEPTOR_SIGNALING_PATHWAY	TICAM1	AKT1	AKT2	TIRAP	CASP8	CD14	CD80	CD86	CHUK	CTSK	FADD	FOS	TLR3	CXCL10	IFNA1	IFNA11	IFNA2	IFNA4	IFNA5	IFNA6	IFNA7	IFNA9	IFNAB	IFNAR1	IFNAR2	IFNB1	IKBKB	IKBKG	IL12A	IL12B	IL1B	IRAK1	IL6	JUN	LBP	TLR7	TLR8	LY96	CXCL9	MYD88	NFKB1	NFKBIA	PIK3CA	PIK3CD	PIK3R1	PIK3R2	PIK3R3	MAPK11	RAC1	RELA	RIPK1	CCL3	CCL4	CCL5	SPP1	STAT1	TLR1	TLR4	TLR6	TNF	CD40	TRAF3	TRAF6	TICAM2	IFNA13	IFNA16	AKT3	TLR2	IFNA15	IFNA12	MAP2K1	MAP2K2	MAP2K3	MAP2K4	MAP2K6	MAP2K7	MAP3K7	MAP3K8	MAPK1	MAPK10	MAPK13	MAPK14	MAPK3	MAPK8	MAPK9	IRAK4	IRF5	MAPK12	IFNA14	TLR5	IRF7	IRF3	TOLLIP	CXCL11	TBK1	IKBKE	TAB1	TAB2	PIK3CB	TLR9
KEGG_MM_TRYPTOPHAN_METABOLISM	IL4I1	LAO1	ASMT	HAAO	MAOB	ACAT1	ACAT2	ALDH7A1	AANAT	ALDH2	ALDH3A2	AOX1	CAT	CYP1A1	CYP1A2	CYP1B1	DDC	DLD	IL4I1	HADH	IDO1	MAOA	IDO2	DHTKD1	AOX2	TPH2	INMT	TPH1	ACAT3	KYAT3	ALDH8A1	AADAT	AOC1L1	AOC1L3	ACMSD	GCDH	TDO2	ALDH9A1	AOC1L2	KYAT1	KYNU	AFMID	AOX3	AOX4	ALDH1B1	4930438A08RIK	EHHADH	AOC1	DLST	ECHS1	HADHA	KMO
KEGG_MM_TYROSINE_METABOLISM	IL4I1	LAO1	MAOB	ADH1	ADH7	ADH5	ALDH3A1	AOC3	AOX1	COMT	DBH	DCT	DDC	FAH	IL4I1	GOT1	GOT2	GSTZ1	HGD	HPD	MAOA	MIF	PNMT	AOX2	TH	TPO	TYR	TYRP1	TAT	AOC2	ADH4	ALDH3B2	ALDH3B1	FAHD1	AOX3	AOX4	ALDH3B3	4930438A08RIK	GOT1L1	TOMT
KEGG_MM_UBIQUINONE_AND_OTHER_TERPENOID-QUINONE_BIOSYNTHESIS	COQ7	HPD	NQO1	COQ6	COQ3	TAT	VKORC1	COQ5	GGCX	VKORC1L1	COQ2
KEGG_MM_VALINE_LEUCINE_AND_ISOLEUCINE_BIOSYNTHESIS	BCAT1	BCAT2	SDS	SDSL
KEGG_MM_VALINE_LEUCINE_AND_ISOLEUCINE_DEGRADATION	IL4I1	LAO1	ALDH6A1	ACAT1	ACAT2	ALDH7A1	PCCA	ACADM	ACAA1A	ACADS	ALDH2	ALDH3A2	AOX1	AUH	BCAT1	BCAT2	BCKDHA	BCKDHB	DBT	DLD	IL4I1	HADH	HSD17B10	HMGCL	HMGCS2	MMUT	HMGCS1	HMGCLL1	AOX2	ACAT3	HIBCH	HADHB	ACAA1B	ACSF3	AGXT2	ABAT	OXCT2B	ACAA2	IVD	ALDH9A1	HIBADH	OXCT2A	ACADSB	PCCB	ACAD8	OXCT1	AOX3	AOX4	MCCC1	ALDH1B1	MCEE	4930438A08RIK	EHHADH	MCCC2	AACS	ECHS1	HADHA
KEGG_MM_VARIOUS_TYPES_OF_N-GLYCAN_BIOSYNTHESIS	ALG9	MGAT4B	RPN1	DAD1	DDOST	MAN2A2	B4GALT1	HEXA	HEXB	STT3A	MAN1A	MAN1A2	MAN2A1	MGAT1	RPN2	ST3GAL3	ALG11	ALG1	ALG3	MGAT2	ALG12	MAN1B1	MAN1C1	HEXDC	MGAT4A	GLT28D2	B4GALNT3	B4GALNT4	B4GALT2	FUT8	ALG2	B4GALT3	ALG14	MGAT4D	MGAT4C	ALG13	STT3B	CHST8	CHST9	TUSC3
KEGG_MM_VITAMIN_B6_METABOLISM	PNPO	PSAT1	AOX1	AOX2	PDXK	PDXP	AOX3	AOX4	PHOSPHO2
KEGG_MM_ALPHA-LINOLENIC_ACID_METABOLISM	ACAA1A	ACOX1	PLA2G1B	PLA2G2A	PLA2G2C	PLA2G2D	PLA2G4A	PLA2G5	PLA2G4B	PLAAT3	PLA2G4C	ACAA1B	PLA2G3	PLA2G10	PLA2G2E	PLA2G2F	PLA2G4F	PLA2G4E	PLA2G6	FADS2	PLA2G12A	PLB1	PLA2G12B	PLA2G4D	ACOX3
KEGG_MM_BETA-ALANINE_METABOLISM	UPB1	ALDH6A1	CARNS1	ALDH7A1	ACADS	ACOX1	ALDH2	ALDH3A1	ALDH3A2	AOC3	GAD1	GAD2	HIBCH	SMOX	AOC2	CSAD	ABAT	CNDP1	MLYCD	ALDH9A1	ALDH3B2	DPYS	CNDP2	ALDH3B1	ALDH1B1	ALDH3B3	GADL1	EHHADH	ACOX3	ECHS1	HADHA	DPYD
KEGG_MM_CAMP_SIGNALING_PATHWAY	ADCY4	ADCY3	ARAP3	CAMK2D	ORAI1	NPY	BRAF	RAP1A	RAF1	PDE4C	ACOX1	ADCY6	ADCY7	ADCY8	ADCY9	ADCYAP1	ADCYAP1R1	ADORA1	ADORA2A	ADRB1	ADRB2	AKT1	AKT2	AMH	RHOA	ATP1A1	ATP1B1	ATP1B2	ATP1B3	FXYD2	ATP2A1	ATP2A2	ATP2B2	BAD	BDNF	CACNA1C	CACNA1D	CACNA1S	CALM1	CALM2	CALM3	CAMK2A	CAMK2B	CAMK2G	CAMK4	CFTR	CGA	CHRM1	CNGA1	CNGA2	CNGA3	CREB1	CREB3	CREBBP	CRH	CRHR1	CRHR2	DRD1	DRD2	DRD5	EDN1	EDN2	EDN3	EDNRA	F2R	FOS	FSHB	FSHR	GCG	GIP	GLI1	GLI3	GLP1R	GNAI1	GNAI2	GNAI3	GNAS	GRIA1	GRIA2	GRIA4	GRIN1	GRIN2A	GRIN2B	GRIN2C	GRIN2D	HCN2	HHIP	HTR1A	HTR1B	HTR1D	HTR1F	HTR4	HTR6	JUN	LHB	LHCGR	LIPE	GPHA2	GRIN3B	RAC3	MC2R	AFDN	PPP1R12A	NFATC1	NFKB1	NFKBIA	NPR1	NPY1R	OXT	OXTR	PAK1	PDE3B	PDE4A	PDE4B	PIK3CA	PIK3CD	PIK3R1	PIK3R2	PIK3R3	PRKACA	PRKACB	PLD1	PLD2	PLN	POMC	PPARA	PPP1CA	PPP1CB	PPP1CC	PPP1R1B	PTCH1	PTGER2	PTGER3	RAC1	RAC2	RELA	ROCK1	ROCK2	RRAS	RYR2	SLC9A1	SST	SSTR1	SSTR2	SSTR5	SOX9	GHSR	CREB3L2	CREB3L3	ADCY2	RAP1B	GPHB5	TIAM1	TNNI3	TSHB	TSHR	VAV1	VAV2	VIP	VIPR2	RAPGEF3	ADCY5	NPPA	CREB5	ATP1A3	FFAR2	CNGA4	GPR119	AKT3	PDE4D	ABCC4	PDE10A	GABBR2	GRIN3A	HCAR1	CHRM2	MAP2K1	MAP2K2	MAPK1	MAPK10	MAPK3	MAPK8	MAPK9	CREB3L1	ADCY10	ATP1A4	CNGB3	ATP2B3	EP300	HCN4	CNGB1	ATP2B4	GIPR	ADCY1	PPP1CC	CALM5	ATP2A3	GRIA3	GABBR1	PDE3A	CACNA1F	FXYD1	RAPGEF4	VAV3	GHRL	RRAS2	4930544G11RIK	ATP1B4	ATP2B1	CALML3	PLCE1	PIK3CB	CALML4	CREB3L4	CALM4	HCAR2	ACOX3	SUCNR1	ATP1A2	MYL9
KEGG_MM_CGMP-PKG_SIGNALING_PATHWAY	KCNMB3	ADCY4	ADCY3	PIK3R6	PPIF	MEF2B	MYLK	RAF1	SLC8A2	SLC8A3	ADCY6	ADCY7	ADCY8	ADCY9	ADORA1	ADORA3	ADRA1B	ADRA1A	ADRA1D	ADRA2A	ADRA2B	ADRA2C	ADRB1	ADRB2	ADRB3	AGTR1A	AGTR1B	AKT1	AKT2	SLC25A4	SLC25A5	RHOA	ATF2	ATF4	ATP1A1	ATP1B1	ATP1B2	ATP1B3	FXYD2	ATP2A1	ATP2A2	ATP2B2	BAD	BDKRB2	CACNA1C	CACNA1D	CACNA1S	CALM1	CALM2	CALM3	CNGA1	CREB1	CREB3	ATF6B	EDNRA	EDNRB	MYH7	GATA4	GNA11	GNA12	GNA13	GNAI1	GNAI2	GNAI3	GNAQ	GTF2I	INS1	INS2	INSR	IRS1	IRS3	IRS4	ITPR1	ITPR2	ITPR3	KCNJ8	KCNMA1	KCNU1	KCNMB1	KNG1	MEF2A	MEF2B	MEF2C	MEF2D	IRAG1	MYH6	PPP1R12A	NFATC1	NFATC2	NFATC3	NOS3	NPPB	NPPC	NPR1	OPRD1	PDE3B	PRKCE	PLCB1	PLCB2	PLCB3	PLCB4	PLN	PPP1CA	PPP1CB	PPP1CC	PPP3CA	PPP3CB	PPP3CC	PPP3R1	PPP3R2	PRKG1	PRKG2	RGS2	ROCK1	ROCK2	SLC8A1	PDE2A	SRF	CREB3L2	CREB3L3	ADCY2	MYLK3	TRPC6	VASP	VDAC1	VDAC2	VDAC3	ADCY5	MYLK2	NPR2	NPPA	CREB5	ATP1A3	GUCY1A2	AKT3	MYLK4	GUCY1B2	PDE5A	MAP2K1	MAP2K2	MAPK1	MAPK3	CREB3L1	ATP1A4	PIK3CG	PIK3R5	ATP2B3	CNGB1	ATP2B4	IRS2	KNG2	ADCY1	PPP1CC	CALM5	ATP2A3	GUCY1B1	PDE3A	CACNA1F	GTF2IRD1	KCNMB4	GUCY1A1	4930544G11RIK	ATP1B4	ATP2B1	CALML3	KCNMB2	NFATC4	SLC25A31	CALML4	CREB3L4	CALM4	ATP1A2	MYL9
KEGG_MM_MTOR_SIGNALING_PATHWAY	PRKAA1	PRKAA2	ATP6V1H	PRR5	BRAF	RAF1	SEC13	RPS6KA3	ATP6V1B1	AKT1	AKT2	RHOA	ATP6V1A	ATP6V1B2	ATP6V1E1	CAB39	CHUK	DVL1	DVL2	DVL3	EIF4E	EIF4EBP1	LPIN1	FZD1	FZD3	FZD4	FZD5	FZD6	FZD7	FZD8	FZD9	GRB10	GRB2	HRAS	IGF1	IGF1R	IKBKB	INS1	INS2	INSR	IRS1	KRAS	LRP5	LRP6	NPRL3	SLC3A2	NRAS	PDPK1	PIK3CA	PIK3CD	PIK3R1	PIK3R2	PIK3R3	PRKCA	PRKCB	PRKCG	PTEN	RHEB	RPS6	RPS6KA1	RPS6KA2	SGK1	SLC7A5	SOS1	SOS2	STK11	WNT8A	FNIP1	WNT9A	FLCN	EIF4E1B	TNF	TNFRSF1A	TSC2	ULK1	WNT1	WNT10A	WNT10B	WNT11	WNT9B	WNT2	WNT2B	WNT3	WNT3A	WNT4	WNT5A	WNT5B	WNT6	WNT7A	WNT7B	WNT8B	STRADB	MAPKAP1	SESN2	AKT3	RRAGB	MIOS	MAP2K1	MAP2K2	MAPK1	MAPK3	SLC38A9	WDR24	EIF4E2	SKP2	DEPDC5	ULK2	WDR59	RNF152	FNIP2	ATP6V1G3	RRAGD	RRAGC	NPRL2	CLIP1	GSK3B	LAMTOR3	MLST8	MTOR	FZD2	RPS6KB2	LPIN2	LPIN3	TSC1	LAMTOR4	ATP6V1F	ATP6V1G2	ATP6V1G1	ATP6V1C1	LAMTOR1	TBC1D7	RPS6KA6	AKT1S1	4930544G11RIK	RRAGA	LAMTOR5	ATP6V1C2	CAB39L	TELO2	CASTOR1	SEH1L	STRADA	PRR5L	RPS6KB1	ATP6V1D	RPTOR	DDIT4	PIK3CB	ATP6V1E2	TTI1	EIF4B	RICTOR	CASTOR2	LAMTOR2	WNT16	FZD10	DEPTOR
