KEGG_MM_GLYCOLYSIS_GLUCONEOGENESIS	GM20899	LOC100048117	GCK	LDHAL6B	ALDH7A1	ADH1	ADH7	ADH5	ALDH2	ALDH3A1	ALDH3A2	ALDOA	ALDOC	BPGM	DLD	ENO1	ENO2	ENO3	FBP2	FBP1	G6PC	G6PC2	GAPDH	GAPDHS	GPI1	HK1	HK2	LDHA	LDHB	LDHC	PCK1	PDHA1	PDHA2	PFKL	PFKM	PGAM1	PGK1	PGK2	PKM	PKLR	HK3	HKDC1	TPI1	ALDOB	DLAT	ADH4	PDHX	GALM	ALDOART1	GM5506	PGAM2	PFKP	ALDH9A1	ALDH1A3	AKR1A1	ACSS2	ALDH3B2	PGM1	ALDH3B1	PDHB	ACSS1	ADPGK	PGM2	ALDH1B1	1700055N04RIK	PCK2
KEGG_MM_CITRATE_CYCLE	ACLY	ACO1	ACO2	CS	DLD	FH1	IDH1	IDH3G	IDH3B	MDH2	MDH1	OGDH	PCK1	PCX	PDHA1	PDHA2	SUCLA2	SUCLG2	DLAT	OGDHL	4933405O20RIK	IDH2	PDHX	SUCLG1	SDHC	SDHD	SDHA	SDHB	IDH3A	PDHB	CSL	PCK2	DLST
KEGG_MM_PENTOSE_PHOSPHATE_PATHWAY	H6PD	PGD	PRPS2	ALDOA	ALDOC	FBP2	FBP1	G6PD2	G6PDX	GPI1	PFKL	PFKM	PRPS1	RGN	RPIA	TALDO1	TKT	ALDOB	DERA	PRPS1L3	ALDOART1	PFKP	PGLS	RPE	PGM1	RBKS	PGM2	TKTL2	PRPS1L1	TKTL1
KEGG_MM_PENTOSE_AND_GLUCURONATE_INTERCONVERSIONS	UGT2B38	UGT2B34	XYLB	GUSB	UGT2B37	ALDH2	ALDH3A2	AKR1B3	AKR1B7	AKR1B8	KL	UGP2	UGDH	UGT1A2	UGT2B5	UGT2B36	UGT2B35	UGT1A10	UGT1A7C	UGT1A5	UGT1A9	UGT1A6B	UGT1A1	UGT2A2	RPE	AKR1B10	DCXR	CRYL1	DHDH	UGT2B1	UGT2A3	ALDH1B1	UGT2A1	UGT1A6A
KEGG_MM_FRUCTOSE_AND_MANNOSE_METABOLISM	MPI	ALDOA	ALDOC	AKR1B3	AKR1B7	FBP2	FBP1	AKR1B8	HK1	HK2	KHK	PFKFB3	PFKFB1	PFKFB2	PFKL	PFKM	SORD	HK3	HKDC1	GMDS	MTMR6	TPI1	TSTA3	ALDOB	FUK	PFKFB4	PMM1	9630033F20RIK	GMPPB	ALDOART1	MTMR1	PMM2	MTMR7	PFKP	AKR1B10	GMPPA	PHPT1	FPGT	MTMR2	AKR1C6
KEGG_MM_GALACTOSE_METABOLISM	GCK	GLA	AKR1B3	AKR1B7	GLB1	AKR1B8	G6PC	G6PC2	GAA	GALT	B4GALT1	GALK1	HK1	HK2	LALBA	PFKL	PFKM	HK3	HKDC1	UGP2	LCT	MGAM	B4GALT2	PFKP	PGM1	AKR1B10	GALK2	SIS	PGM2	GALE	GANC
KEGG_MM_ASCORBATE_AND_ALDARATE_METABOLISM	UGT2B38	UGT2B34	ALDH7A1	UGT2B37	ALDH2	ALDH3A2	RGN	UGDH	UGT1A2	UGT2B5	UGT2B36	UGT2B35	GULO	UGT1A10	UGT1A7C	UGT1A5	UGT1A9	UGT1A6B	UGT1A1	UGT2A2	MIOX	ALDH9A1	UGT2B1	UGT2A3	ALDH1B1	UGT2A1	UGT1A6A
KEGG_MM_FATTY_ACID_BIOSYNTHESIS	ACACB	ACACA	FASN	MCAT	OXSM	OLAH
KEGG_MM_FATTY_ACID_METABOLISM	CYP4A32	ACAT1	ACAT2	ALDH7A1	ACADL	ACADM	ACADVL	ACAA1A	ACADS	ACOX1	ADH1	ADH7	ADH5	ALDH2	ALDH3A2	CPT1A	CPT1B	CPT2	CYP4A10	CYP4A12B	CYP4A14	ECI1	ACSL1	HADH	ACSL6	CYP4A29-PS	HADHB	ACAA1B	ECI2	ADH4	GCDH	CYP4A12A	ACSBG2	ACSL5	CYP4A30B-PS	ACSL4	ACAA2	ALDH9A1	CYP4A31	ACADSB	ALDH1B1	EHHADH	ACSL3	CPT1C	ACOX3	ECHS1	ACSBG1	HADHA
KEGG_MM_SYNTHESIS_AND_DEGRADATION_OF_KETONE_BODIES	LOC101056567	ACAT1	ACAT2	HMGCL	HMGCS2	HMGCS1	OXCT2B	OXCT2A	OXCT1	BDH2	BDH1
KEGG_MM_STEROID_BIOSYNTHESIS	CEL	CYP24A1	CYP27B1	CYP51	DHCR7	EBP	HSD17B7	LIPA	LSS	NSDHL	SOAT1	SOAT2	SC5D	CYP2R1	SC4MOL	TM7SF2	DHCR24
KEGG_MM_PRIMARY_BILE_ACID_BIOSYNTHESIS	HSD3B7	CYP27A1	BAAT	CH25H	CYP46A1	CYP7A1	CYP7B1	CYP8B1	HSD17B4	ACOT8	AMACR	SCP2	AKR1D1	SLC27A5	CYP39A1	ACOX2
KEGG_MM_STEROID_HORMONE_BIOSYNTHESIS	CYP3A41B	UGT2B38	UGT2B34	AKR1C18	CYP11B1	UGT2B37	COMT	CYP11A1	CYP11B2	CYP17A1	CYP19A1	CYP1A1	CYP1B1	CYP21A1	CYP3A11	CYP3A13	CYP3A16	CYP7A1	CYP7B1	H2-KE6	HSD11B1	HSD11B2	HSD17B1	HSD17B2	HSD17B3	HSD17B7	HSD3B1	HSD3B2	HSD3B4	HSD3B5	HSD3B6	SULT1E1	AKR1D1	STS	UGT1A2	UGT2B5	UGT2B36	UGT2B35	HSD17B6	CYP3A44	UGT1A10	UGT1A7C	UGT1A5	UGT1A9	UGT1A6B	UGT1A1	CYP3A41A	SULT2B1	UGT2A2	HSD17B12	CYP3A25	SRD5A3	UGT2B1	UGT2A3	SRD5A1	UGT2A1	SRD5A2	UGT1A6A
KEGG_MM_OXIDATIVE_PHOSPHORYLATION	GM3244	GM3873	LOC100046079	LOC100047429	LOC100048613	LOC100504968	NDUFB11	ATP6V1H	COX6B1	ATP6V1B1	ATP6V0B	ATP4A	ATP4B	ATP5A1	ATP5B	ATP5C1	ATP5F1	ATP5G1	ATP5J	ATP5K	ATP6V1A	ATP6V1B2	ATP6V0D1	ATP6V1E1	ATP6V0E	ATP6V0A1	ATP6V0C	COX17	COX4I1	COX5A	COX5B	COX6A1	COX6A2	COX6C	COX7A1	COX7A2	COX7C	COX8A	COX8B	ATP6V0A4	ATP6	ATP8	COX1	COX2	COX3	CYTB	ND1	ND2	ND3	ND4	ND4L	ND5	ND6	NDUFA2	NDUFA4	NDUFS4	NDUFV1	ATP12A	COX7A2L	ATP6V0A2	UQCRQ	UQCRC1	NDUFS8	COX15	NDUFS2	NDUFS1	ATP5G3	NDUFB6	GM4943	ATP6V0D2	TCIRG1	ATP5L	ATP5O	COX6B2	ATP6V1G3	NDUFS6	NDUFA4L2	NDUFA1	ATP6AP1	ATP5J2	NDUFS5	GM6415	LOC631040	LOC635087	ATP5D	NDUFB5	SDHC	NDUFA3	NDUFA9	COX7B	ATP6V1F	UQCR10	NDUFB9	ATP6V1G2	ATP6V1G1	ATP6V1C1	NDUFC1	NDUFA12	NDUFA7	CYC1	NDUFB3	UQCRH	UQCR11	UQCRFS1	NDUFB7	SDHD	SDHA	UQCRC2	ATP5E	NDUFA6	NDUFA13	NDUFB8	NDUFA10	UQCRB	LOC675851	SDHB	PPA1	ATP5G2	NDUFB4	NDUFC2	NDUFB2	NDUFA5	NDUFB10	NDUFS3	NDUFA8	ATP6V1C2	COX11	NDUFA11	NDUFAB1	COX10	ATP5H	NDUFV2	ATP6V1D	PPA2	ATP6V1E2	NDUFS7	COX8C	ATP6V0E2	LHPP	COX7B2	NDUFV3	COX4I2
KEGG_MM_PURINE_METABOLISM	GM15210	GM21685	LOC100862456	NT5M	ADCY4	ADCY3	GMPR2	NT5C3	ATIC	AMPD2	PDE4C	PRPS2	PDE6C	ADA	ADCY6	ADCY7	ADCY8	ADCY9	ADK	ADSL	ADSSL1	ADSS	AK1	AK2	AK4	AMPD3	APRT	ENTPD1	ENTPD2	ENTPD6	ENTPD5	DCK	FHIT	GART	GDA	GUCY2C	GUCY2D	GUCY2E	GUK1	HPRT	ITPA	NME7	NME1	NME2	NPR1	PDE1A	PDE1B	PDE1C	PDE3B	PDE4A	PDE4B	PDE6D	PDE7A	PDE8A	PDE9A	PDE6B	PDE6G	ENPP1	PKM	PKLR	PNP	POLA1	POLA2	POLD1	POLD2	POLE	POLE2	PRIM1	PRIM2	PRPS1	POLR1C	POLR1B	POLR1D	POLR1A	POLR2A	POLR2C	POLR2J	RRM1	RRM2	PDE2A	ENPP3	ADCY2	ENTPD3	PDE8B	POLR3A	UOX	ADCY5	XDH	PDE6A	GMPS	PRUNE	AMPD1	AK5	NPR2	NT5C1A	PPAT	POLR2B	PRHOXNB	GUCY1A2	PFAS	PDE4D	GUCY1B2	IMPDH1	IMPDH2	NT5E	PAPSS1	PAPSS2	PDE10A	PDE11A	PDE5A	GUCY2F	POLR2H	POLR3E	ADCY10	DGUOK	TWISTNB	PDE7B	PRPS1L3	RRM2B	ADCY1	NT5C	NUDT5	GUCY1B3	NME6	PDE3A	NME4	POLE3	GUCY1A3	POLR1E	ZNRD1	GMPR	ADPRM	NUDT2	POLR2E	POLR2L	NTPCR	PGM1	PNP2	POLE4	POLR3K	PAICS	POLR3D	ENTPD4	POLR3G	POLR2G	POLD3	HDDC3	POLR2D	POLD4	POLR2F	POLR3GL	POLR2I	POLR3F	POLR3B	NT5C1B	PNPT1	ENTPD8	PGM2	NUDT9	POLR3C	PRPS1L1	NME5	CANT1	NT5C2	1190003J15RIK	PDE6H	AK7	POLR3H	NME3	ALLC
KEGG_MM_CAFFEINE_METABOLISM	CYP1A2	CYP2A12	CYP2A4	CYP2A5	NAT1	NAT2	NAT3	UOX	XDH
KEGG_MM_PYRIMIDINE_METABOLISM	GM21685	LOC100862456	UPB1	NT5M	NT5C3	DUT	ENTPD1	ENTPD6	ENTPD5	DCK	ITPA	NME7	NME1	NME2	PNP	POLA1	POLA2	POLD1	POLD2	POLE	POLE2	PRIM1	PRIM2	POLR1C	POLR1B	POLR1D	POLR1A	POLR2A	POLR2C	POLR2J	RRM1	RRM2	ENTPD3	TK1	POLR3A	DTYMK	CMPK2	TYMS	UCK1	UMPS	UPP1	NT5C1A	POLR2B	TXNRD3	NT5E	POLR2H	TXNRD2	POLR3E	TWISTNB	DCTD	UPRT	RRM2B	TXNRD1	NT5C	CTPS	NME6	CTPS2	AK3	NME4	DHODH	TK2	POLE3	POLR1E	DPYS	ZNRD1	NUDT2	POLR2E	POLR2L	CMPK1	PNP2	POLE4	POLR3K	POLR3D	ENTPD4	POLR3G	POLR2G	POLD3	UCKL1	POLR2D	CAD	POLD4	POLR2F	POLR3GL	POLR2I	POLR3F	POLR3B	NT5C1B	PNPT1	ENTPD8	CDA	TYMP	POLR3C	NME5	CANT1	UPP2	NT5C2	POLR3H	NME3	UCK2	DPYD
KEGG_MM_ALANINE_ASPARTATE_AND_GLUTAMATE_METABOLISM	NUP62-IL4I1	LAO1	GPT2	ASL	ASPA	ADSL	ADSSL1	ADSS	AGXT	ASS1	IL4I1	GAD1	GAD2	GFPT1	GFPT2	GLUL	GLS	GLUD1	GOT1	GOT2	ALDH4A1	ALDH5A1	GLS2	CPS1	PPAT	AGXT2	ABAT	ASNS	NIT2	LOC641049	CAD	DDO	ACY3	4930438A08RIK	GPT
KEGG_MM_GLYCINE_SERINE_AND_THREONINE_METABOLISM	LOC100047252	PSPH	GLDC	PSAT1	CTH	SHMT2	MAOB	ALDH7A1	AGXT	ALAS1	ALAS2	AOC3	BHMT	BPGM	CBS	DAO	DLD	GAMT	GNMT	MAOA	PGAM1	PIPOX	SARDH	SHMT1	CHDH	SDS	GLYCTK	PHGDH	AOC2	AGXT2	GCAT	SRR	AMT	PGAM2	TDH	GATM	THA1	DMGDH	GRHPR
KEGG_MM_CYSTEINE_AND_METHIONINE_METABOLISM	NUP62-IL4I1	LAO1	ADI1	LDHAL6B	CTH	MAT2B	AMD1	MAT1A	BHMT	CBS	CDO1	DNMT1	DNMT3A	DNMT3B	IL4I1	GOT1	GOT2	LDHA	LDHB	LDHC	SMS	SRM	TST	AHCYL1	SDS	MAT2A	TAT	MTR	MPST	AHCY	DNMT3L	APIP	LOC641049	MTAP	GM14680	ENOPH1	MRI1	4930438A08RIK	AHCYL2
KEGG_MM_VALINE_LEUCINE_AND_ISOLEUCINE_DEGRADATION	NUP62-IL4I1	LAO1	LOC101056567	ALDH6A1	ACAT1	ACAT2	ALDH7A1	PCCA	ACADM	ACAA1A	ACADS	ALDH2	ALDH3A2	AOX1	AUH	BCAT1	BCAT2	BCKDHA	BCKDHB	DBT	DLD	IL4I1	HADH	HSD17B10	HMGCL	HMGCS2	MUT	HMGCS1	AOX3L1	HIBCH	HADHB	ACAA1B	ABAT	OXCT2B	ACAA2	IVD	ALDH9A1	HIBADH	OXCT2A	ACADSB	PCCB	ACAD8	OXCT1	AOX3	AOX4	MCCC1	ALDH1B1	MCEE	4930438A08RIK	EHHADH	MCCC2	ECHS1	HADHA
KEGG_MM_VALINE_LEUCINE_AND_ISOLEUCINE_BIOSYNTHESIS	BCAT1	BCAT2
KEGG_MM_LYSINE_BIOSYNTHESIS	ALDH7A1	ACO1	ACO2	AADAT	AASS
KEGG_MM_LYSINE_DEGRADATION	WHSC1	EHMT2	ACAT1	ACAT2	ALDH7A1	ALDH2	ALDH3A2	HADH	BBOX1	NSD1	OGDH	PLOD1	PIPOX	ASH1L	TMLHE	SETD1B	DOT1L	SUV39H1	MLL1	SUV420H1	MLL3	SUV420H2	SETD1A	WHSC1L1	GLT25D1	SETD2	OGDHL	SETDB2	AADAT	PLOD2	PLOD3	GCDH	AASS	MLL2	ALDH9A1	SUV39H2	SETD8	MLL5	ALDH1B1	SETD7	EHHADH	SETMAR	WBP7	EHMT1	DLST	SETDB1	ECHS1	HADHA
KEGG_MM_ARGININE_AND_PROLINE_METABOLISM	CARNS1	ACY1	MAOB	ASL	ALDH7A1	ALDH2	ALDH3A2	AMD1	ARG1	ARG2	ASS1	CKB	CKM	CKMT1	DAO	GAMT	GLUL	GLS	GLUD1	GOT1	GOT2	MAOA	NOS1	NOS2	NOS3	OAT	ODC1	OTC	P4HA1	P4HA2	PRODH	SAT1	SMS	SRM	PYCR1	ALDH4A1	GLS2	NAGS	CPS1	ADC	P4HA3	CNDP1	PRODH2	ALDH18A1	ALDH9A1	LOC641049	CNDP2	PYCRL	LAP3	GATM	GM14680	PYCR2	SAT2	ALDH1B1	AGMAT	ABP1	CKMT2
KEGG_MM_HISTIDINE_METABOLISM	CARNS1	MAOB	ALDH7A1	ASPA	ALDH2	ALDH3A1	ALDH3A2	DDC	HNMT	FTCD	HAL	HDC	MAOA	UROC1	CNDP1	METTL2	ALDH9A1	ALDH1A3	ALDH3B2	CNDP2	WBSCR22	METTL6	ALDH3B1	HEMK1	ACY3	AMDHD1	ALDH1B1	1700055N04RIK	ABP1
KEGG_MM_TYROSINE_METABOLISM	NUP62-IL4I1	LAO1	MAOB	ADH1	ADH7	ADH5	ALDH3A1	AOC3	AOX1	COMT	DBH	DCT	DDC	FAH	IL4I1	GOT1	GOT2	GSTZ1	HGD	HPD	MAOA	MIF	PNMT	AOX3L1	TH	TPO	TYR	TYRP1	TAT	AOC2	ADH4	METTL2	ALDH1A3	ALDH3B2	LOC641049	WBSCR22	METTL6	ALDH3B1	FAHD1	HEMK1	AOX3	AOX4	1700055N04RIK	4930438A08RIK
KEGG_MM_PHENYLALANINE_METABOLISM	NUP62-IL4I1	LAO1	GLYAT	MAOB	ALDH3A1	AOC3	PRDX6	DDC	IL4I1	GOT1	GOT2	HPD	MAOA	MIF	PAH	TAT	AOC2	GM4952	ALDH1A3	ALDH3B2	LOC641049	ALDH3B1	1700055N04RIK	4930438A08RIK
KEGG_MM_TRYPTOPHAN_METABOLISM	NUP62-IL4I1	LAO1	LOC100862632	ASMT	HAAO	MAOB	ACAT1	ACAT2	ALDH7A1	AANAT	ALDH2	ALDH3A2	AOX1	CAT	CYP1A1	CYP1A2	CYP1B1	DDC	IL4I1	HADH	IDO1	MAOA	OGDH	IDO2	AOX3L1	TPH2	INMT	TPH1	CCBL2	OGDHL	AADAT	ACMSD	GCDH	TDO2	ALDH9A1	CCBL1	KYNU	AFMID	AOX3	AOX4	ALDH1B1	4930438A08RIK	EHHADH	ABP1	ECHS1	HADHA	KMO
KEGG_MM_PHENYLALANINE_TYROSINE_AND_TRYPTOPHAN_BIOSYNTHESIS	NUP62-IL4I1	LAO1	IL4I1	GOT1	GOT2	PAH	TAT	LOC641049	4930438A08RIK
KEGG_MM_BETA-ALANINE_METABOLISM	UPB1	ALDH6A1	CARNS1	ALDH7A1	ACADM	ALDH2	ALDH3A1	ALDH3A2	AOC3	GAD1	GAD2	SMS	SRM	HIBCH	AOC2	ABAT	CNDP1	MLYCD	ALDH9A1	ALDH1A3	ALDH3B2	DPYS	CNDP2	GM14680	ALDH3B1	ALDH1B1	1700055N04RIK	EHHADH	ECHS1	HADHA	DPYD
KEGG_MM_TAURINE_AND_HYPOTAURINE_METABOLISM	BAAT	CDO1	GAD1	GAD2	GGT1	GGT7	ADO	GGT5	CSAD	GGT6
KEGG_MM_SELENOCOMPOUND_METABOLISM	CTH	SEPHS1	SEPHS2	SEPSECS	MARS2	PSTK	MARS	INMT	CCBL2	TXNRD3	MTR	PAPSS1	PAPSS2	TXNRD2	TXNRD1	SCLY	CCBL1
KEGG_MM_CYANOAMINO_ACID_METABOLISM	SHMT2	GGT1	SHMT1	GGT7	GGT5	GGT6
KEGG_MM_D-GLUTAMINE_AND_D-GLUTAMATE_METABOLISM	GLS	GLUD1	GLS2
KEGG_MM_D-ARGININE_AND_D-ORNITHINE_METABOLISM	DAO
KEGG_MM_GLUTATHIONE_METABOLISM	GSTT3	GGCT	PGD	G6PD2	G6PDX	GGT1	GCLC	GCLM	GPX1	GPX2	GPX3	GPX5	GSR	GSS	GSTA1	GSTA2	GSTA3	GSTA4	GSTM1	GSTM2	GSTM3	GSTM4	GSTM5	GSTM6	GSTP2	GSTP1	GSTT1	GSTT2	GSTO1	IDH1	ANPEP	ODC1	RRM1	RRM2	SMS	GGT7	SRM	MGST2	GGT5	IDH2	RRM2B	MGST1	GPX4	TXNDC12	MGST3	LAP3	GM14680	GPX7	GSTO2	GSTM7	GPX8	GGT6	OPLAH	GPX6	GSTK1
KEGG_MM_STARCH_AND_SUCROSE_METABOLISM	AMY2A4	AMY2A3	AMY2A2	UGT2B38	UGT2B34	GCK	AMY2A5	GUSB	PYGB	PYGL	UGT2B37	AMY1	G6PC	G6PC2	GAA	GPI1	GYS1	HK1	HK2	KL	ENPP1	PYGM	ENPP3	HK3	HKDC1	UGP2	UGDH	UGT1A2	UGT2B5	UGT2B36	GYS2	MGAM	UGT2B35	UGT1A10	UGT1A7C	UGT1A5	UGT1A9	UGT1A6B	UGT1A1	UGT2A2	TREH	PGM1	UXS1	SIS	PGM2L1	UGT2B1	UGT2A3	PGM2	GBE1	GANC	AGL	UGT2A1	UGT1A6A
KEGG_MM_N-GLYCAN_BIOSYNTHESIS	ALG9	MGAT4B	RPN1	MGAT5	DAD1	DDOST	DPAGT1	DPM1	DPM2	MAN2A2	GANAB	B4GALT1	STT3A	MAN1A	MAN1A2	MAN2A1	MGAT1	MGAT3	RPN2	ST6GAL1	ALG11	ALG1	ALG3	MGAT2	ALG12	MAN1B1	DOLK	MAN1C1	ST6GAL2	MGAT5B	MGAT4A	GLT28D2	ALG6	RFT1	ALG10B	ALG8	B4GALT2	FUT8	ALG2	DOLPP1	B4GALT3	MOGS	ALG5	ALG14	4933434I20RIK	MGAT4C	ALG13	STT3B	DPM3	TUSC3
KEGG_MM_OTHER_GLYCAN_DEGRADATION	MANBA	AGA	GLB1	GBA	HEXA	HEXB	MAN2B1	MAN2B2	NEU1	ENGASE	HEXDC	NEU2	NEU4	NEU3	FUCA2	FUCA1	MAN2C1
KEGG_MM_MUCIN_TYPE_O-GLYCAN_BIOSYNTHESIS	GALNT2	GALNT7	GALNT1	GALNT3	GALNT4	GCNT1	GALNT10	ST3GAL1	ST3GAL2	ST6GALNAC1	GALNT6	WBSCR17	GCNT4	GALNT12	GALNT11	GALNT5	GALNTL6	GALNT13	B3GNT6	B4GALT5	C1GALT1C1	GALNTL5	GALNT14	GCNT3	C1GALT1
KEGG_MM_OTHER_TYPES_OF_O-GLYCAN_BIOSYNTHESIS	OGT	POFUT1	FUT4	FUT7	FUT9	B4GALT1	LFNG	MFNG	RFNG	ST6GAL1	ST3GAL3	POMT2	GXYLT1	POGLUT1	GXYLT2	GLT25D1	ST6GAL2	PLOD3	MGAT5B	B3GAT2	B3GALTL	B4GALT2	B3GALT4	B4GALT3	POMGNT1	B3GAT1	POFUT2	CHST10	POMT1
KEGG_MM_AMINO_SUGAR_AND_NUCLEOTIDE_SUGAR_METABOLISM	GCK	UAP1	CYB5R3	PGM3	MPI	CHI3L1	CMAH	CMAS	GALT	GFPT1	GFPT2	GALK1	GPI1	HEXA	HEXB	HK1	HK2	RENBP	HK3	HKDC1	UGP2	GMDS	TSTA3	UGDH	UAP1L1	FUK	AMDHD2	GNPDA1	PMM1	CYB5R2	GMPPB	GNE	PMM2	GNPNAT1	NAGK	PGM1	NANP	UXS1	GNPDA2	GMPPA	GALK2	CHIT1	CYB5R1	PGM2	NPL	GALE	FPGT	CHIA	NANS
KEGG_MM_BUTIROSIN_AND_NEOMYCIN_BIOSYNTHESIS	GCK	HK1	HK2	HK3	HKDC1
KEGG_MM_GLYCOSAMINOGLYCAN_DEGRADATION	HYAL3	GUSB	ARSB	GLB1	HEXA	HEXB	HPSE	HYAL1	HYAL2	IDS	IDUA	SPAM1	SGSH	NAGLU	GALNS	HGSNAT	HPSE2	HYAL6	HYAL5	GNS	HYAL4
KEGG_MM_GLYCOSAMINOGLYCAN_BIOSYNTHESIS_CHONDROITIN_DERMATAN_SULFATE	CHPF2	B3GALT6	DSE	XYLT2	B4GALT7	XYLT1	CSGALNACT1	CHSY1	UST	CHST3	CHST11	CHST12	CHST7	CHST13	CHST14	B3GAT3	CHPF	CHST15	CSGALNACT2	CHSY3
KEGG_MM_GLYCOSAMINOGLYCAN_BIOSYNTHESIS_KERATAN_SULFATE	B3GNT1	B4GALT1	ST3GAL3	ST3GAL1	ST3GAL2	B3GNT7	CHST4	B4GALT2	FUT8	B3GNT2	CHST2	B4GALT4	CHST5	B4GALT3	CHST1
KEGG_MM_GLYCOSAMINOGLYCAN_BIOSYNTHESIS_HEPARAN_SULFATE_HEPARIN	B3GALT6	EXT1	EXT2	HS3ST1	HS3ST3A1	NDST1	NDST2	HS3ST2	XYLT2	B4GALT7	XYLT1	HS2ST1	HS3ST5	HS6ST1	HS6ST2	HS6ST3	EXTL3	HS3ST3B1	EXTL1	EXTL2	NDST4	B3GAT3	NDST3	GLCE
KEGG_MM_GLYCEROLIPID_METABOLISM	LOC101056416	AGPAT6	DGKZ	DGKG	DGKQ	ALDH7A1	GLA	ALDH2	ALDH3A2	AKR1B3	PNPLA3	AKR1B7	CEL	DGKA	DGAT1	AKR1B8	LPIN1	GK2	GPAM	GYK	LIPC	LIPG	LPL	PNLIPRP1	PNLIPRP2	PPAP2A	GPAT2	DGKB	MBOAT1	LCLAT1	DAK	DGKD	AGPAT9	GLYCTK	MGLL	AGPAT3	DGKI	DGKH	PPAP2C	AGPAT1	DGKE	ALDH9A1	AKR1A1	LPIN2	LPIN3	PNPLA2	MBOAT2	AGPAT2	LIPF	DGAT2	AKR1B10	PPAP2B	AGPAT4	PNLIP	AGK	ALDH1B1
KEGG_MM_INOSITOL_PHOSPHATE_METABOLISM	SYNJ1	ALDH6A1	PI4KB	PIP4K2B	IMPA2	PLCZ1	PIP4K2C	INPP1	INPP5B	INPP5D	INPPL1	INPP5J	MINPP1	MTM1	PIK3C2A	PIK3C2G	PIK3CA	PIK3CD	PIKFYVE	PIP5K1C	PIP4K2A	PIP5K1B	PIP5K1A	PLCB1	PLCB2	PLCB3	PLCB4	PLCD1	PLCD4	PLCG1	INPP5K	PTEN	SYNJ2	INPP5A	ITPK1	TPI1	PI4KA	PIK3C3	PIP5KL1	ITPKA	ITPKC	INPP4B	PLCG2	PIK3C2B	IMPAD1	INPP4A	PIK3CG	ITPKB	OCRL	CDIPT	IMPA1	MIOX	INPP5E	PI4K2B	IPMK	ISYNA1	PLCD3	PLCE1	PIK3CB	IPPK	PI4K2A
KEGG_MM_GLYCEROPHOSPHOLIPID_METABOLISM	LOC101056416	AGPAT6	DGKZ	PLD4	DGKG	DGKQ	CDS2	ACHE	CHAT	CHKB	CHKA	PCYT1A	DGKA	LPIN1	GPD1	GPD2	GNPAT	GPAM	LPCAT3	LCAT	PEMT	LYPLA1	PLA2G1B	PLA2G2A	PLA2G2C	PLA2G2D	PLA2G4A	PLA2G5	PLD1	PLD2	PLD3	PPAP2A	PTDSS1	PLA2G15	LPCAT1	PLA2G4B	CHPT1	ETNK2	GPAT2	DGKB	MBOAT1	LCLAT1	PLA2G16	LPGAT1	DGKD	AGPAT9	PLA2G4C	PCYT1B	PLA2G3	PHOSPHO1	PNPLA7	LYPLA2	PLA2G10	PLA2G2E	PLA2G2F	LPCAT2	PLA2G4F	PTDSS2	EPT1	AGPAT3	DGKI	PISD	PLA2G4E	GPD1L	DGKH	PNPLA6	PPAP2C	CDIPT	PLA2G6	AGPAT1	DGKE	LPIN2	LPIN3	PLA2G12A	ADPRM	PLB1	CRLS1	TAZ	MBOAT2	AGPAT2	PPAP2B	AGPAT4	PCYT2	PLA2G12B	PGS1	CDS1	ETNK1	MBOAT7	PLA2G4D	LPCAT4	CEPT1
KEGG_MM_ETHER_LIPID_METABOLISM	PAFAH2	PLD4	PAFAH1B1	PAFAH1B2	PAFAH1B3	ENPP2	PLA2G1B	PLA2G2A	PLA2G2C	PLA2G2D	PLA2G4A	PLA2G5	PLD1	PLD2	PLD3	PPAP2A	LPCAT1	PLA2G4B	CHPT1	PLA2G16	AGPS	PLA2G4C	PLA2G3	PLA2G10	PLA2G2E	PLA2G2F	LPCAT2	PLA2G4F	PLA2G7	EPT1	ENPP6	PLA2G4E	PPAP2C	PLA2G6	PLA2G12A	PLB1	PPAP2B	PLA2G12B	PLA2G4D	LPCAT4	CEPT1
KEGG_MM_ARACHIDONIC_ACID_METABOLISM	CYP4A32	GM9769	LOC100048119	CYP2J11	CYP4F15	CYP2C50	CBR3	ALOX12	ALOX12E	ALOX12B	ALOX15	ALOX8	ALOX5	CBR1	CBR2	CYP2B10	CYP2B13	CYP2B19	CYP2B9	CYP2C29	CYP2C37	CYP2C38	CYP2C39	CYP2C40	CYP2E1	CYP2J5	CYP2J6	CYP4A10	CYP4A12B	CYP4A14	EPHX2	GGT1	GPX1	GPX2	GPX3	GPX5	LTA4H	LTC4S	CYP4F13	PLA2G1B	PLA2G2A	PLA2G2C	PLA2G2D	PLA2G4A	PLA2G5	PTGDS	PTGIS	PTGS1	PTGS2	GGT7	CYP4F17	PLA2G4B	TBXAS1	PLA2G16	CYP2C70	CYP2C44	CYP2J13	CYP4A29-PS	PLA2G4C	PLA2G3	GGT5	CYP2J12	CYP2B23	PLA2G10	PLA2G2E	PLA2G2F	PLA2G4F	CYP4A12A	CYP4F39	PLA2G4E	CYP2C54	CYP2C68	CYP4A30B-PS	PLA2G6	HPGDS	PTGES3	CYP4F40	PTGES	CYP4F14	PLA2G12A	FAM213B	CYP2J8	PLB1	CYP4A31	GPX7	GPX8	PLA2G12B	CYP2C66	CYP4F16	CYP2U1	GGT6	CYP4F18	CYP2C55	CYP2C65	CYP2J9	GPX6	PLA2G4D	PTGES2
KEGG_MM_LINOLEIC_ACID_METABOLISM	CYP3A41B	CYP2J11	CYP2C50	ALOX15	CYP1A2	CYP2C29	CYP2C37	CYP2C38	CYP2C39	CYP2C40	CYP2E1	CYP2J5	CYP2J6	CYP3A11	CYP3A13	CYP3A16	PLA2G1B	PLA2G2A	PLA2G2C	PLA2G2D	PLA2G4A	PLA2G5	PLA2G4B	PLA2G16	CYP2C70	CYP2C44	CYP2J13	PLA2G4C	PLA2G3	CYP2J12	PLA2G10	PLA2G2E	PLA2G2F	PLA2G4F	PLA2G4E	CYP3A44	CYP2C54	CYP2C68	PLA2G6	CYP3A41A	CYP3A25	PLA2G12A	CYP2J8	PLB1	PLA2G12B	CYP2C66	CYP2C55	CYP2C65	CYP2J9	PLA2G4D	AKR1C6
KEGG_MM_ALPHA-LINOLENIC_ACID_METABOLISM	ACAA1A	ACOX1	PLA2G1B	PLA2G2A	PLA2G2C	PLA2G2D	PLA2G4A	PLA2G5	PLA2G4B	PLA2G16	PLA2G4C	ACAA1B	PLA2G3	PLA2G10	PLA2G2E	PLA2G2F	PLA2G4F	PLA2G4E	PLA2G6	FADS2	PLA2G12A	PLB1	PLA2G12B	PLA2G4D	ACOX3
KEGG_MM_SPHINGOLIPID_METABOLISM	GLA	ARSA	ASAH1	GLB1	DEGS1	GALC	GBA	ACER1	NEU1	PPAP2A	SGPL1	SMPD1	SMPD2	SPHK1	SPTLC2	SGMS1	UGCG	UGT8A	CERK	SPTLC3	ACER2	ENPP7	NEU2	NEU4	SPTLC1	SGPP2	PPAP2C	NEU3	GAL3ST1	ASAH2	B4GALT6	SPHK2	SMPD3	9130409I23RIK	ACER3	PPAP2B	DEGS2	KDSR	SGMS2	SMPD4	SGPP1
KEGG_MM_GLYCOSPHINGOLIPID_BIOSYNTHESIS_LACTO_NEOLACTO_SERIES	B3GNT5	B3GNT1	FUT1	FUT2	FUT4	FUT7	FUT9	GCNT2	GGTA1	B4GALT1	ST3GAL3	ST3GAL4	ST8SIA1	B3GNT4	B3GALT1	B3GALT2	B4GALT2	B3GNT2	ST3GAL6	B4GALT4	SEC1	B4GALT3	B3GNT3	ABO	B3GALT5
KEGG_MM_GLYCOSPHINGOLIPID_BIOSYNTHESIS_GLOBO_SERIES	GLA	FUT1	FUT2	FUT9	HEXA	HEXB	NAGA	ST3GAL1	ST3GAL2	ST8SIA1	GBGT1	A4GALT	B3GALNT1	SEC1	B3GALT5
KEGG_MM_GLYCOSPHINGOLIPID_BIOSYNTHESIS_GANGLIO_SERIES	SLC33A1	GLB1	B4GALNT1	HEXA	HEXB	ST3GAL1	ST3GAL2	ST6GALNAC3	ST6GALNAC4	ST8SIA1	ST3GAL5	ST8SIA5	ST6GALNAC5	ST6GALNAC6	B3GALT4
KEGG_MM_PYRUVATE_METABOLISM	ACACB	LDHAL6B	ME2	ACACA	ME3	GLO1	ACAT1	ACAT2	ALDH7A1	ALDH2	ALDH3A2	AKR1B3	AKR1B7	DLD	AKR1B8	HAGH	LDHA	LDHB	LDHC	ME1	MDH2	MDH1	PCK1	PCX	PDHA1	PDHA2	PKM	PKLR	DLAT	PDHX	LDHD	ALDH9A1	ACSS2	ACYP1	AKR1B10	PDHB	ACSS1	HAGHL	ALDH1B1	ACOT12	PCK2	ACYP2	GRHPR
KEGG_MM_GLYOXYLATE_AND_DICARBOXYLATE_METABOLISM	SHMT2	ACAT1	ACAT2	PCCA	ACO1	ACO2	AGXT	CAT	CS	GLUL	HAO1	MDH2	MDH1	MUT	SHMT1	GLYCTK	HAO2	PCCB	PGP	LOC674321	GCSH	HYI	AFMID	CSL	MCEE	GRHPR
KEGG_MM_PROPANOATE_METABOLISM	ACACB	ALDH6A1	LDHAL6B	ACACA	ACAT1	ACAT2	ALDH7A1	PCCA	ACADM	ALDH2	ALDH3A2	LDHA	LDHB	LDHC	MUT	SUCLA2	SUCLG2	HIBCH	ABAT	ACSS3	SUCLG1	MLYCD	ALDH9A1	ACSS2	PCCB	ACSS1	ALDH1B1	MCEE	EHHADH	ECHS1	HADHA
KEGG_MM_BUTANOATE_METABOLISM	LOC101056567	ACAT1	ACAT2	ACADS	ACSM1	GAD1	GAD2	HADH	HMGCL	HMGCS2	PDHA1	PDHA2	ACSM3	HMGCS1	ALDH5A1	L2HGDH	ACSM2	ACSM4	ABAT	ACSM5	OXCT2B	OXCT2A	OXCT1	PDHB	BDH2	BDH1	EHHADH	AACS	AKR1C6	ECHS1	HADHA
KEGG_MM_THIAMINE_METABOLISM	THTPA	NFS1	TPK1	NTPCR
KEGG_MM_RIBOFLAVIN_METABOLISM	ACPT	ACP1	ACP2	ACP5	ENPP1	ENPP3	TYR	BLVRB	FLAD1	RFK	ACPP	LOC631286	ACP6
KEGG_MM_VITAMIN_B6_METABOLISM	LOC100047252	PNPO	PSAT1	AOX1	AOX3L1	PDXK	PDXP	AOX3	AOX4	PHOSPHO2
KEGG_MM_NICOTINATE_AND_NICOTINAMIDE_METABOLISM	NT5M	NT5C3	AOX1	BST1	CD38	NNMT	NNT	ENPP1	PNP	NADK	ENPP3	AOX3L1	NAPRT1	NMRK1	NMNAT2	NT5C1A	NT5E	NT5C	NAMPT	NMNAT1	PNP2	QPRT	NUDT12	NMRK2	NT5C1B	AOX3	AOX4	NMNAT3	NT5C2	NADSYN1
KEGG_MM_PANTOTHENATE_AND_COA_BIOSYNTHESIS	UPB1	PPCS	BCAT1	BCAT2	ENPP1	ENPP3	PANK3	VNN1	PANK4	DPYS	PPCDC	AASDHPPT	COASY	PANK2	PANK1	DPYD
KEGG_MM_BIOTIN_METABOLISM	HLCS	BTD	OXSM
KEGG_MM_LIPOIC_ACID_METABOLISM	LIPT1	LIPT2	LIAS
KEGG_MM_FOLATE_BIOSYNTHESIS	QDPR	ALPL	AKP3	ALPPL2	DHFR	FPGS	GCH1	GGH	MOCS2	PTS	SPR	MOCS1	ALPI
KEGG_MM_RETINOL_METABOLISM	CYP4A32	CYP3A41B	UGT2B38	UGT2B34	CYP2C50	UGT2B37	ADH1	ADH7	ADH5	ALDH1A1	CYP1A1	CYP1A2	CYP26A1	CYP2A12	CYP2A4	CYP2A5	CYP2B10	CYP2B13	CYP2B19	CYP2B9	CYP2C29	CYP2C37	CYP2C38	CYP2C39	CYP2C40	CYP3A11	CYP3A13	CYP3A16	CYP4A10	CYP4A12B	CYP4A14	DGAT1	RDH11	ALDH1A2	RDH5	RDH16	RPE65	DHRS3	UGT1A2	UGT2B5	CYP2C70	CYP2C44	CYP4A29-PS	UGT2B36	CYP26B1	RDH8	DHRS9	SDR16C5	UGT2B35	CYP2B23	AWAT2	ALDH1A7	ADH4	HSD17B6	CYP4A12A	DHRS4	CYP3A44	UGT1A10	UGT1A7C	UGT1A5	UGT1A9	UGT1A6B	UGT1A1	CYP2C54	CYP2C68	CYP4A30B-PS	CYP3A41A	CYP26C1	UGT2A2	CYP3A25	BCMO1	CYP4A31	RETSAT	CYP2C66	UGT2B1	CYP2C55	UGT2A3	CYP2C65	RDH12	LRAT	UGT2A1	UGT1A6A	RDH10
KEGG_MM_PORPHYRIN_AND_CHLOROPHYLL_METABOLISM	UGT2B38	UGT2B34	LOC100862446	EPRS	BLVRA	GUSB	UGT2B37	ALAS1	ALAS2	CP	CPOX	FECH	FTH1	FTL1	HCCS	HMBS	HMOX1	HMOX2	ALAD	PPOX	UGT1A2	UGT2B5	UROD	UROS	COX15	UGT2B36	BLVRB	UGT2B35	UGT1A10	UGT1A7C	UGT1A5	UGT1A9	UGT1A6B	UGT1A1	UGT2A2	EARS2	FTMT	COX10	UGT2B1	UGT2A3	MMAB	UGT2A1	UGT1A6A
KEGG_MM_TERPENOID_BACKBONE_BIOSYNTHESIS	LOC101056319	FDPS	ACAT1	ACAT2	FNTB	FNTA	GGPS1	HMGCR	HMGCS2	MVK	MVD	RCE1	HMGCS1	ZMPSTE24	IDI1	IDI2	PDSS1	ICMT	PCYOX1	DHDDS	PMVK	PDSS2
KEGG_MM_SULFUR_METABOLISM	SULT1E1	SULT1A1	SUOX	BPNT1	PAPSS1	PAPSS2	IMPAD1	SULT2B1	CHST11	CHST12	CHST13
KEGG_MM_AMINOACYL-TRNA_BIOSYNTHESIS	LARS2	RARS	IARS	LARS	YARS	EPRS	RARS2	TARS	HARS	TRNA	TRNC	TRND	TRNE	TRNF	TRNG	TRNH	TRNI	TRNK	TRNL1	TRNL2	TRNM	TRNN	TRNP	TRNQ	TRNR	TRNS1	TRNS2	TRNT	TRNV	TRNW	TRNY	SARS	SEPSECS	MARS2	PSTK	MARS	VARS	WARS	AARS2	DARS	DARS2	PARS2	AARS	FARSB	NARS2	TARSL2	CARS	GARS	IARS2	LOC631033	FARSA	EARS2	VARS2	MTFMT	FARS2	YARS2	NARS	WARS2	HARS2	TARS2	CARS2	SARS2	KARS	QARS
KEGG_MM_METABOLISM_OF_XENOBIOTICS_BY_CYTOCHROME_P450	CYP3A41B	UGT2B38	UGT2B34	GSTT3	CYP2C50	CBR3	AKR7A5	UGT2B37	ADH1	ADH7	ADH5	ALDH3A1	CBR1	CBR2	CYP1A1	CYP1A2	CYP1B1	CYP2A12	CYP2A4	CYP2A5	CYP2B10	CYP2B13	CYP2B19	CYP2B9	CYP2C29	CYP2C37	CYP2C38	CYP2C39	CYP2C40	CYP2D10	CYP2D9	CYP2E1	CYP2F2	CYP3A11	CYP3A13	CYP3A16	EPHX1	GSTA1	GSTA2	GSTA3	GSTA4	GSTM1	GSTM2	GSTM3	GSTM4	GSTM5	GSTM6	GSTP2	GSTP1	GSTT1	GSTT2	GSTO1	HSD11B1	SULT2A1	MGST2	UGT1A2	UGT2B5	CYP2C70	CYP2C44	UGT2B36	UGT2B35	CYP2B23	ADH4	CYP3A44	UGT1A10	UGT1A7C	UGT1A5	UGT1A9	UGT1A6B	UGT1A1	CYP2C54	CYP2C68	CYP3A41A	UGT2A2	CYP3A25	CYP2D22	MGST1	ALDH1A3	ALDH3B2	SULT2A3	MGST3	ALDH3B1	GSTO2	GSTM7	CYP2C66	DHDH	UGT2B1	CYP2C55	UGT2A3	CYP2C65	1700055N04RIK	CYP2S1	GSTK1	CYP2D26	UGT2A1	UGT1A6A
KEGG_MM_BIOSYNTHESIS_OF_UNSATURATED_FATTY_ACIDS	TECR	PECR	ACAA1A	ACOX1	BAAT	ELOVL6	ACOT2	ACOT3	ACOT4	SCD1	SCD2	ACOT5	ACAA1B	ACOT1	SCD3	SCD4	ELOVL2	HSD17B12	FADS2	ELOVL5	ACOT7	PTPLB	FADS1	ACOX3	HADHA
KEGG_MM_METABOLIC_PATHWAYS	GM2382	CYP4A32	GM3244	CYP3A41B	GM20899	GM15210	GM3873	GM9769	AMY2A4	AMY2A3	AMY2A2	LOC100046079	LOC100047252	LOC100047429	LOC100048117	LOC100048119	LOC100048613	CYP2J11	PAFAH2	H6PD	NUP62-IL4I1	LAO1	LOC100504968	UGT2B38	PSPH	ACACB	UGT2B34	LOC100862456	LOC100862632	CHPF2	LOC101056319	LOC101056416	HSD3B7	AGPAT6	XYLB	ALG9	UPB1	MGAT4B	PNPO	NT5M	RPN1	GCK	SYNJ1	CYP27A1	ACLY	NDUFB11	CES1D	GLDC	DGKZ	PLD4	ALDH6A1	ADI1	THTPA	LDHAL6B	PPCS	CYP4F15	CYP2C50	PSAT1	ACACA	EPRS	NT5C3	ASMT	PI4KB	UAP1	HAAO	CTH	MTHFS	MGAT5	SHMT2	B3GNT5	ATIC	GALNT2	GALNT7	MTHFD1	MAT2B	ATP6V1H	GPT2	B3GNT1	SEPHS1	ME3	ACY1	AMPD2	HYAL3	MAOB	CBR3	ASL	AMY2A5	GUSB	DUT	PYGB	PYGL	CYP11B1	MPI	FDPS	DGKG	PGD	COX6B1	QDPR	PIGH	ACAT1	ACAT2	DGKQ	PRPS2	ALDH7A1	PCCA	CDS2	ATP6V1B1	HLCS	UGT2B37	AANAT	ACADL	ACADM	ACADVL	ACAA1A	ACADS	ATP6V0B	SLC33A1	ACO1	ACO2	ACOX1	IMPA2	ADA	PLCZ1	ADH1	ADH7	ADH5	ADK	ADSL	ADSSL1	ADSS	AGXT	AK1	AK2	AK4	ALPL	AKP3	ALPPL2	ALAS1	ALAS2	ALDH1A1	ALDH2	ALDH3A1	ALDH3A2	ALDOA	ALDOC	AKR1B3	ALOX12	ALOX12E	ALOX12B	ALOX15	ALOX8	ALOX5	PNPLA3	AMD1	ACSM1	AMPD3	MAT1A	AMY1	AOC3	PRDX6	B3GALT6	AOX1	APRT	ARG1	ARG2	ARSB	ASAH1	ASS1	ATP5A1	ATP5B	ATP5C1	ATP5F1	ATP5G1	ATP5J	ATP5K	ATP6V1A	ATP6V1B2	ATP6V0D1	ATP6V1E1	ATP6V0E	ATP6V0A1	ATP6V0C	AUH	AKR1B7	BAAT	BCAT1	BCAT2	BCKDHA	BCKDHB	GLB1	BHMT	BST1	BPGM	CAT	CBR1	CBR2	CBS	CD38	CDO1	CEL	CHKB	CHKA	CKB	CKM	CKMT1	CMAS	COMT	COQ7	COX17	COX4I1	COX5A	COX5B	COX6A1	COX6A2	COX6C	COX7C	COX8A	COX8B	CPOX	CS	PCYT1A	CYP11A1	CYP11B2	CYP17A1	CYP19A1	CYP1A1	CYP1A2	CYP21A1	CYP24A1	CYP2A12	CYP2A4	CYP2A5	CYP2B10	CYP2B13	CYP2B19	CYP2B9	CYP2C29	CYP2C37	CYP2C38	CYP2C39	CYP2C40	CYP2E1	CYP2J5	CYP2J6	CYP3A11	CYP3A13	CYP3A16	CYP27B1	CYP4A10	CYP4A12B	CYP4A14	CYP51	CYP7A1	CYP8B1	DAD1	DGKA	DAO	DBH	DBT	DCK	DCT	DDC	DDOST	DEGS1	DGAT1	DHCR7	DHFR	DLD	DNMT1	DNMT3A	DNMT3B	DPAGT1	DPM1	DPM2	EBP	ENO1	ENO2	ENO3	EPHX2	CES1E	EXT1	EXT2	MAN2A2	ATP6V0A4	ACSL1	FAH	FASN	FBP2	FBP1	FDFT1	FECH	AKR1B8	FH1	IL4I1	LPIN1	FPGS	FTCD	FUT1	FUT2	FUT4	FUT7	FUT9	GANAB	G6PC	G6PC2	G6PD2	G6PDX	GAA	GAD1	GAD2	GALC	B4GALNT1	GALNT1	GALNT3	GALNT4	GALT	GAMT	GAPDH	GAPDHS	GART	GBA	GCH1	GCNT1	GCNT2	GDA	GFPT1	GFPT2	GGPS1	B4GALT1	GGT1	GK2	GCLC	GCLM	GALK1	GLUL	GLS	GLUD1	GOT1	GOT2	GPAA1	GPAM	GPI1	PIGQ	GSS	GSTZ1	GUK1	GYK	H2-KE6	HADH	HSD17B10	HAL	HAO1	HDC	HEXA	HEXB	HGD	HK1	HK2	HMBS	HMGCL	HMGCR	HMGCS2	HPSE	HPD	LIPC	HPRT	HSD11B1	HSD17B1	HSD17B2	HSD17B3	HSD17B4	HSD17B7	HSD3B1	HSD3B2	HSD3B4	HSD3B5	HSD3B6	NDST1	HYAL1	HYAL2	IDH1	IDH3G	IDO1	IDS	IDUA	INPP1	INPP5B	STT3A	ITPA	KHK	KL	LALBA	ANPEP	LDHA	LDHB	LDHC	LIPG	LSS	LTA4H	LTC4S	ALAD	CYP4F13	IDH3B	ACOT8	INPP5J	ACER1	AMACR	ACOT2	GALNT10	ACOT3	ACOT4	MAN1A	MAN1A2	NME7	MAN2A1	MAOA	RDH11	MGAT1	MGAT3	NDST2	MOCS2	ME1	MDH2	MDH1	ATP6	ATP8	COX1	COX2	COX3	CYTB	ND1	ND2	ND3	ND4	ND4L	ND5	ND6	MTHFD2	MTHFR	MTM1	MUT	MVK	NAT1	NAT2	NAT3	NDUFA2	NDUFA4	NDUFS4	NDUFV1	NME1	NME2	NNMT	NNT	NOS1	NOS2	NOS3	NSDHL	OAT	ODC1	OGDH	OTC	P4HA1	P4HA2	PAFAH1B1	PAFAH1B2	PAFAH1B3	PAH	PCK1	PCX	PDHA1	PDHA2	ENPP1	PEMT	PFKL	PFKM	PGAM1	PGK1	PGK2	PIGA	PIGF	PIK3C2A	PIK3C2G	PIP5K1C	PIP5K1B	PIP5K1A	PKM	PKLR	PLA2G1B	PLA2G2A	PLA2G2C	PLA2G2D	PLA2G4A	PLA2G5	PLCB1	PLCB2	PLCB3	PLCB4	PLCD1	PLCD4	PLCG1	PLD1	PLD2	PLD3	PNLIPRP1	PNLIPRP2	PNMT	PNP	POLA1	POLA2	POLD1	POLD2	POLE	POLE2	POLG	PON1	PPAP2A	PPOX	INPP5K	PPT1	PRIM1	PRIM2	PRODH	PRPS1	PIPOX	PTDSS1	PTGDS	MVD	SARDH	NADK	PTGIS	PTGS1	PTGS2	PTS	PYGM	ALDH1A2	RDH16	REV3L	RGN	RPIA	RPN2	POLR1C	POLR1B	POLR1D	POLR1A	POLR2A	POLR2C	POLR2J	RRM1	RRM2	DHRS3	ACSM3	SAT1	SCP2	SORD	SGPL1	SHMT1	ST6GAL1	ST3GAL3	ST3GAL1	ST3GAL4	ST3GAL2	ST6GALNAC1	ST6GALNAC3	ST6GALNAC4	ST8SIA1	ST3GAL5	SMPD1	SMPD2	SMS	SPAM1	SPHK1	GGT7	SPR	SEPHS2	SPTLC2	SQLE	GALNT6	ALG11	SRM	ALG1	CYP4F17	SGMS1	ALG3	AKR1D1	HMGCS1	PYCR1	SUCLA2	SUCLG2	IDO2	ENPP3	SYNJ2	LPCAT1	PANK3	PLA2G4B	ADO	HK3	INPP5A	ALDH4A1	CHPT1	DSE	WBSCR17	AOX3L1	TALDO1	TBXAS1	ETNK2	ALDH5A1	GPAT2	HKDC1	PDXK	TPH2	GLS2	UGP2	ACSL6	XYLT2	NAGS	DGKB	MGAT2	ACOT5	COQ6	ITPK1	MBOAT1	GMDS	TH	B4GALT7	GCNT4	ATP6V0A2	TK1	TKT	POLR3A	CHDH	DTYMK	TPH1	TPI1	TPO	TST	TSTA3	CMPK2	TYMS	TYR	TYRP1	UGCG	UGDH	UGT1A2	UGT2B5	UGT8A	UCK1	UMPS	UOX	UPP1	UQCRQ	UQCRC1	UROD	UROS	NAPRT1	MCAT	ALG12	PI4KA	XDH	LCLAT1	PIK3C3	ST8SIA5	PLA2G16	NDUFS8	DAK	CYP2C70	COX15	CYP2C44	LCT	NMNAT2	NDUFS2	HIBCH	NDUFS1	CPS1	DGKD	MAN1B1	UAP1L1	GBGT1	DOLK	PIP5KL1	ATP5G3	AGPS	ITPKA	SPTLC3	PIGU	GMPS	AMPD1	AHCYL1	CCBL2	AK5	COQ3	NDUFB6	GALNT12	ALDOB	ACER2	CYP2J13	CYP4A29-PS	NT5C1A	PIGV	MAN1C1	GALNT11	HADHB	PPAT	POLR2B	UGT2B36	AGPAT9	SDS	B3GNT4	PRHOXNB	MAT2A	MGAM	PLA2G4C	ITPKC	XYLT1	ACSM2	ACSM4	CSGALNACT1	INPP4B	TAT	FUK	PLCG2	RDH8	SC5D	DLAT	GLYCTK	ACAA1B	PHGDH	PCYT1B	PLA2G3	PFAS	PHOSPHO1	AOC2	ENPP7	BPNT1	MTR	GGT5	OGDHL	IMPDH1	IMPDH2	AADAT	MGLL	A4GALT	NT5E	PAPSS1	PAPSS2	GM4943	ST6GAL2	PIK3C2B	PGAP1	GALNT5	DHRS9	IMPAD1	ATP6V0D2	CYP2J12	ADC	UGT2B35	UROC1	CYP2B23	4933405O20RIK	CYP2R1	POLR2H	MPST	CSAD	ALDH1A7	BTD	GNPDA1	SLC27A5	PLA2G10	ACMSD	MGAT5B	SPTLC1	GULO	ADH4	B3GALT1	B3GALT2	AGXT2	B3GALNT1	ABAT	ACOT1	INPP4A	MGAT4A	MECR	AHCY	ST6GALNAC5	PANK4	PLA2G2E	PLA2G2F	PON3	CHSY1	IDH2	GALNTL6	GCDH	LPCAT2	SGSH	ASNS	TCIRG1	MTHFD1L	GALNT13	PLA2G4F	PLA2G7	B3GNT6	ACSM5	DGUOK	PTDSS2	PIGN	HSD17B6	PDHX	NAGLU	ATP5L	PIGS	CYP4A12A	EPT1	TWISTNB	ATP5O	AGPAT3	DHRS4	TPK1	PMM1	AASS	IDI1	FLAD1	DGKI	GLT28D2	ITPKB	ALG6	P4HA3	IDI2	OCRL	DCTD	PISD	CYP4F39	PIGL	PRPS1L3	ACSBG2	PLA2G4E	PIGK	PON2	GMPPB	UPRT	COX6B2	CYP3A44	ATP6V1G3	CNDP1	ALDOART1	ACSS3	DGKH	ALG10B	ALG8	RRM2B	UGT1A10	UGT1A7C	UGT1A5	UGT1A9	UGT1A6B	UGT1A1	CYP2C54	NDUFS6	NDUFA4L2	GM5506	CYP2C68	ACSL5	AMT	CYP4A30B-PS	NT5C	POLG2	PPAP2C	ACSL4	GNE	SCLY	GALNS	ST6GALNAC6	CTPS	COQ5	HGSNAT	ACAA2	CDIPT	PLA2G6	B4GALT2	FUT8	B3GNT2	GAL3ST1	CYP3A41A	PMM2	B3GALT4	NME6	RFK	PPT2	NDUFA1	ATP6AP1	DNMT3L	ASAH2	HPGDS	HPSE2	ST3GAL6	EXTL3	UGT2A2	CTPS2	AGPAT1	IMPA1	PIGB	PGAM2	DGKE	PIGP	HAO2	PRODH2	EXTL1	HSD17B12	PTGES3	IVD	APIP	B4GALT4	B4GALT6	CYP3A25	PFKP	SUCLG1	ALDH18A1	NME4	SEC1	SPHK2	MLYCD	PIGO	TDO2	ALG2	MOCS1	DHODH	ALDH9A1	ALDH1A3	PDXP	B4GALT3	MOGS	ATP5J2	TK2	EXTL2	AKR1A1	TREH	HIBADH	SMPD3	POLE3	C1GALT1C1	NDUFS5	ACSS2	9130409I23RIK	ALDH3B2	GM6415	LIPT1	LOC631040	CYP4F40	LOC635087	BCMO1	LOC641049	PTGES	CYP4F14	POLR1E	INPP5E	NDST4	DPYS	LPIN2	LPIN3	ATP5D	NDUFB5	SDHC	CNDP2	NDUFA3	NDUFA9	ZNRD1	COX7B	ATP6V1F	UQCR10	PGLS	PYCRL	NDUFB9	SC4MOL	ATP6V1G2	ALG5	PIGYL	ATP6V1G1	ATP6V1C1	PLA2G12A	NDUFC1	NDUFA12	NDUFA7	POLR2E	CYC1	NMNAT1	FAM213B	POLR2L	NDUFB3	CYP2J8	PLB1	MTHFD2L	NTPCR	UQCRH	CRLS1	CMPK1	UQCR11	CYP4A31	RPE	PGM1	UQCRFS1	PNP2	ALG14	PPCDC	PNPLA2	ACADSB	MTAP	PCCB	NDUFB7	SDHD	SDHA	ACAD8	TRIT1	POLE4	LAP3	UQCRC2	POLR3K	PAICS	POLR3D	PI4K2B	PGP	GATM	ATP5E	NDUFA6	LIPT2	NDUFA13	GM14680	MBOAT2	NDUFB8	NDUFA10	PIGC	NANP	QPRT	EARS2	POLR3G	AGPAT2	UQCRB	4933434I20RIK	PIGM	MGAT4C	ALG13	LOC675851	SDHB	ALDH3B1	POLR2G	LIPF	DGAT2	IDH3A	AKR1B10	MRI1	DCXR	UXS1	GALNTL5	PPAP2B	ATP5G2	POLD3	GNPDA2	HYI	NDUFB4	NDUFC2	NDUFB2	NDUFA5	AGPAT4	PDHB	STT3B	NDUFB10	NDUFS3	NDUFA8	UCKL1	DPM3	PMVK	CRYL1	FAHD1	PCYT2	ACSS1	ATP6V1C2	PYCR2	PNLIP	GMPPA	SAT2	POLR2D	CMBL	CAD	POLD4	BDH2	COX11	POLR2F	PLA2G12B	POLR3GL	NDUFA11	CYP2C66	POLR2I	AGK	GALK2	SIS	ACOT7	DEGS2	CYP4F16	CCBL1	NDUFAB1	PIGW	COX10	POLR3F	POLR3B	KDSR	KYNU	TRAK2	NT5C1B	OXSM	CYP2U1	GGT6	AFMID	ATP5H	GALNT14	AOX3	COASY	AMDHD1	UGT2B1	THA1	ISYNA1	CSL	AOX4	COQ2	BDH1	MCCC1	CYP4F18	GCNT3	CYP2C55	PIGX	UGT2A3	ADPGK	PGM2	CDA	B3GNT3	CYP2C65	PLCD3	ALDH1B1	B3GAT3	NDUFV2	TYMP	TM7SF2	PHOSPHO2	1700055N04RIK	MCEE	ATP6V1D	4930438A08RIK	PLCE1	NMNAT3	DMGDH	EHHADH	GBE1	ACSL3	CHPF	GALE	AHCYL2	HYAL6	POLR3C	TKTL2	SGMS2	PANK2	PGS1	HYAL5	CYP2J9	PCK2	CDS1	DHCR24	ATP6V1E2	ETNK1	NDUFS7	PRPS1L1	COX8C	NME5	FPGT	GNS	IPPK	PANK1	AGMAT	GANC	GRHPR	ATP6V0E2	GPT	TGDS	UPP2	CKMT2	ALPI	NT5C2	1190003J15RIK	HYAL4	AGL	SMPD4	MMAB	RDH12	MCCC2	COX7B2	NDUFV3	PLA2G4D	CSGALNACT2	AK7	NADSYN1	DLST	CHSY3	PIGT	POLR3H	NME3	LIAS	TUSC3	ABO	ACOX3	UCK2	NDST3	TKTL1	AKR1C6	PI4K2A	COX4I2	GLCE	ACOX2	ECHS1	B3GALT5	ALLC	ACSBG1	NANS	C1GALT1	UGT2A1	UGT1A6A	PTGES2	HADHA	QARS	KMO	RDH10	LPCAT4	OLAH	DPYD	CEPT1
KEGG_MM_2-OXOCARBOXYLIC_ACID_METABOLISM	ACY1	ACO1	ACO2	BCAT1	BCAT2	CS	GOT1	GOT2	IDH1	IDH3G	IDH3B	NAGS	AADAT	4933405O20RIK	IDH2	LOC641049	IDH3A	CSL
KEGG_MM_RNA_DEGRADATION	LOC100044729	LOC100048741	PAN2	CNOT6	SKIV2L	EXOSC4	BTG1	BTG2	BTG3	DDX6	ENO1	ENO2	ENO3	HSPD1	HSPA9	PABPC1	PABPC2	CNOT7	4930430D24RIK	PAPD7	TTC37	TOB1	PATL1	EXOSC2	PABPC4	CNOT6L	CNOT3	CNOT1	EDC4	XRN1	XRN2	PABPC4L	LSM2	EXOSC5	DCP1B	ZCCHC7	EDC3	PABPC1L	GM5506	4930525M21RIK	LSM4	EXOSC9	EXOSC10	CNOT4	BTG4	TOB2	C1D	RQCD1	LSM7	WDR61	EXOSC3	LSM5	EXOSC7	EXOSC1	PABPC1L2B-PS	LSM1	PABPC6	LSM3	MPHOSPH6	CNOT8	DCPS	EXOSC8	DCP2	PNPT1	CNOT2	DHX36	SKIV2L2	EXOSC6	PAN3	DIS3	1700080E11RIK	PARN	NUDT16	DCP1A	NAA38	LSM6	CNOT10	PABPC5
KEGG_MM_HIF-1_SIGNALING_PATHWAY	GM20899	GM9840	LOC100048117	LOC101056616	CAMK2D	EGLN1	EGLN2	EGLN3	ANGPT1	ANGPT2	ANGPT4	AKT1	AKT2	ALDOA	ARNT	BCL2	CAMK2A	CAMK2B	CAMK2G	CDKN1A	CDKN1B	CREBBP	CYBB	EDN1	EGF	EGFR	EIF4E	EIF4EBP1	ENO1	ENO2	ENO3	EPO	ERBB2	FLT1	GAPDH	HIF1A	HK1	HK2	HMOX1	IFNG	IFNGR1	IFNGR2	IGF1	IGF1R	IL6	IL6RA	INS1	INS2	INSR	LDHA	LTBR	PFKFB3	MKNK1	MKNK2	NFKB1	NOS2	NOS3	PDHA1	PDHA2	PFKFB1	PFKFB2	PFKL	PGK1	PIK3CA	PIK3CD	PIK3R1	PIK3R2	PIK3R3	PRKCA	PRKCB	PRKCG	SERPINE1	PLCG1	RELA	RPS6	SLC2A1	STAT3	HK3	HKDC1	TEK	EIF4E1B	TIMP1	TLR4	TRF	TFRC	VEGFA	VHL	NOX3	PDK1	NPPA	PLCG2	NOX1	AKT3	MAP2K1	MAP2K2	MAPK1	MAPK3	EIF4E2	PFKFB4	PIK3CG	PIK3R5	EP300	GM5506	RBX1	MTOR	RPS6KB2	RPS6-PS4	TCEB2	TCEB1	PDHB	CUL2	RPS6KB1	PIK3CB
KEGG_MM_MTOR_SIGNALING_PATHWAY	PRKAA1	PRKAA2	BRAF	RPS6KA3	AKT1	AKT2	CAB39	EIF4E	EIF4EBP1	HIF1A	IGF1	IKBKB	INS1	INS2	IRS1	PDPK1	PIK3CA	PIK3CD	PIK3R1	PIK3R2	PIK3R3	PRKCA	PRKCB	PRKCG	PTEN	RHEB	RPS6	RPS6KA1	RPS6KA2	STK11	EIF4E1B	TNF	TSC2	ULK1	VEGFA	AKT3	RRAGB	MAPK1	MAPK3	EIF4E2	ULK2	PIK3CG	PIK3R5	RRAGD	RRAGC	MLST8	MTOR	RPS6KB2	TSC1	RPS6-PS4	RPS6KA6	AKT1S1	RRAGA	CAB39L	ULK3	STRADA	RPS6KB1	RPTOR	DDIT4	PIK3CB	EIF4B	RICTOR
KEGG_MM_PI3K-AKT_SIGNALING_PATHWAY	GM2423	GM2436	GM2446	LOC100041483	GM15776	LOC100047997	LOC100048410	GM5741	LOC100862558	ITGA9	PRKAA1	PRKAA2	PKN2	ITGA1	RAF1	ANGPT1	ANGPT2	ANGPT4	AKT1	AKT2	ATF2	ATF4	BAD	BCL2	BCL2L1	BCL2L11	BRCA1	CASP9	CCND1	CCND2	CCND3	CCNE1	CCNE2	CD19	CDC37	CDK2	CDK4	CDK6	CDKN1A	CDKN1B	CHAD	CHRM1	CHUK	COL11A1	COL11A2	COL2A1	COL3A1	COL4A1	COL4A2	COL4A3	COL4A4	COL4A5	COL5A1	COL5A2	COL6A1	COL6A2	COL6A3	COL1A1	COL1A2	COMP	CREB1	CREB3	ATF6B	CSF1	CSF1R	CSF3	CSF3R	EFNA1	EFNA2	EFNA3	EFNA4	EFNA5	EGF	EGFR	EIF4E	EIF4EBP1	EPHA2	EPO	EPOR	F2R	PTK2	FASL	FGF1	FGF10	FGF11	FGF12	FGF13	FGF14	FGF15	FGF17	FGF18	FGF2	FGF3	FGF4	FGF5	FGF6	FGF7	FGF8	FGF9	FGFR1	FGFR2	FGFR3	FGFR4	FIGF	FLT1	FLT4	FN1	G6PC	G6PC2	GH	GHR	GNB1	GNB2	GNB3	GNB4	GNB5	GNGT1	GNG10	GNG12	GNG2	GNG3	GNG4	GNG5	GNG7	GNG8	GNGT2	LPAR1	GRB2	GYS1	HGF	NR4A1	HRAS1	HSP90AB1	HSP90AA1	IBSP	IFNA1	IFNA11	IFNA2	IFNA4	IFNA5	IFNA6	IFNA7	IFNA9	IFNAB	IFNAR1	IFNAR2	IFNB1	IGF1	IGF1R	IGH-VJ558	IKBKB	IKBKG	IL2	IL2RA	IL2RB	IL2RG	IL3	IL3RA	IL4	IL4RA	IL6	IL6RA	IL7	IL7R	INS1	INS2	INSR	IRS1	ITGA2	ITGA2B	ITGA3	ITGA4	ITGA5	ITGA6	ITGA7	ITGAV	ITGB1	ITGB3	ITGB5	ITGB6	ITGB7	JAK1	JAK2	JAK3	KDR	KIT	KRAS	LAMA1	LAMA2	LAMA3	LAMA4	LAMA5	LAMB1	LAMB2	LAMB3	LAMC2	SGK3	MCL1	MDM2	MET	KITL	MTCP1	MYB	MYC	NFKB1	KLK1B4	NGF	NGFR	NOS3	NRAS	OSM	OSMR	PCK1	PDGFA	PDGFB	PDGFRA	PDGFRB	PDPK1	PGF	PIK3CA	PIK3CD	PIK3R1	PIK3R2	PIK3R3	PRKCA	PRKCZ	PPP2CA	PPP2CB	PPP2R3D	PRL	PRLR	PTEN	ITGB4	RAC1	RBL2	RELA	RELN	RHEB	RPS6	RXRA	SGK1	SOS1	SOS2	SPP1	CREB3L2	CREB3L3	STK11	SYK	ITGA10	TCL1	TEK	PPP2R5D	THBS1	THBS2	EIF4E1B	THBS3	THBS4	TLR4	TNC	TNR	HSP90B1	TRP53	TSC2	VEGFA	VEGFB	VEGFC	VTN	VWF	PPP2R5B	YWHAE	YWHAG	YWHAH	YWHAQ	YWHAZ	LAMC1	PPP2R5A	IFNA13	CREB5	GYS2	PPP2R3A	AKT3	LAMC3	TLR2	ITGA8	GM12597	IFNA12	CHRM2	PHLPP2	COL6A6	PKN3	MAP2K1	MAP2K2	MAPK1	MAPK3	CREB3L1	PPP2R5C	PPP2R5E	PPP2R2C	EIF4E2	SGK2	TCL1B1	TCL1B4	PIK3CG	ITGA11	PIK3R5	PKN1	ITGB8	TNN	COL27A1	LPAR5	IFNA14	PPP2R1A	PPP2R2D	COL5A3	LPAR2	YWHAB	PDGFC	FOXO3	FGF21	GSK3B	MLST8	MTOR	RPS6KB2	PPP2R3C	LOC640611	GNG13	FGF23	TSC1	LPAR3	GNG11	RPS6-PS4	FGF22	LPAR6	COL6A4	COL24A1	PDGFD	PPP2R2A	RPS6KB1	PPP2R2B	PPP2R1B	CRTC2	RPTOR	PCK2	DDIT4	PIK3CB	EIF4B	THEM4	LPAR4	CREB3L4	FGF20	FGF16	TNXB	PIK3AP1	COL4A6	PHLPP1
KEGG_MM_NOD-LIKE_RECEPTOR_SIGNALING_PATHWAY	LOC100862578	NOD1	BIRC3	BIRC2	CASP1	CASP8	CHUK	CXCL1	HSP90AB1	HSP90AA1	IKBKB	IKBKG	IL18	IL1B	IL6	NAIP1	NAIP2	NAIP5	NAIP6	NFKB1	NFKBIA	NFKBIB	MAPK11	PSTPIP1	RIPK2	NLRP1A	RELA	CCL12	CCL2	CCL5	CXCL2	NLRP3	TNF	TNFAIP3	HSP90B1	TRAF6	TRIP6	CARD6	NOD2	MAP3K7	MAPK1	MAPK10	MAPK13	MAPK14	MAPK3	MAPK8	MAPK9	NLRC4	MAPK12	CARD9	NAIP7	MEFV	ERBB2IP	NLRP1B	TAB1	TAB3	PYCARD	SUGT1	TAB2
KEGG_MM_INSULIN_SIGNALING_PATHWAY	ACACB	PHKB	GCK	RHOQ	PRKAA1	TRIP10	ACACA	RAPGEF1	PRKAA2	PRKAB2	PRKAG2	BRAF	PYGB	PHKA2	PYGL	RAF1	AKT1	AKT2	ARAF	BAD	CALM1	CALM2	CALM3	CBL	SOCS3	SOCS1	CRK	CRKL	EIF4E	EIF4EBP1	ELK1	PPP1R3A	FASN	FBP2	FBP1	FLOT1	FLOT2	G6PC	G6PC2	GRB2	GYS1	HK1	HK2	HRAS1	IKBKB	INPPL1	INS1	INS2	INSR	IRS1	IRS3	IRS4	KRAS	LIPE	MKNK1	MKNK2	NRAS	PCK1	PDE3B	PDPK1	PHKA1	PHKG1	PIK3CA	PIK3CD	PIK3R1	PIK3R2	PIK3R3	PRKACA	PRKACB	PRKCI	PRKCZ	PKLR	PPARGC1A	PPP1CA	PPP1CB	PPP1CC	INPP5K	PRKAB1	PRKAG1	PRKAR1A	PRKAR1B	PRKAR2A	PRKAR2B	PRKX	PTPN1	PTPRF	PYGM	RHEB	RPS6	SORBS1	SHC1	SHC3	SLC2A4	SOS1	SOS2	SREBF1	CBLB	HK3	HKDC1	SHC2	SOCS2	EIF4E1B	TSC2	PPP1R3D	GYS2	AKT3	SH2B2	PRKAG3	PPP1R3B	MAP2K1	MAP2K2	MAPK1	MAPK10	MAPK3	MAPK8	MAPK9	EIF4E2	SHC4	PIK3CG	PIK3R5	IRS2	CALM5	PPP1R3C	EXOC7	PDE3A	FOXO1	GSK3B	MTOR	RPS6KB2	TSC1	RPS6-PS4	SOCS4	PHKG2	CALML3	RPS6KB1	RPTOR	PCK2	PIK3CB	CBLC	CALM4
KEGG_MM_ADIPOCYTOKINE_SIGNALING_PATHWAY	ACACB	PRKAA1	PRKAA2	PRKAB2	PRKAG2	NPY	ADIPOQ	AGRP	AKT1	AKT2	CD36	CHUK	SOCS3	CPT1A	CPT1B	ACSL1	G6PC	G6PC2	IKBKB	IKBKG	IRS1	IRS3	IRS4	JAK2	LEP	LEPR	NFKB1	NFKBIA	NFKBIB	NFKBIE	PCK1	PRKCQ	POMC	PPARA	PPARGC1A	PRKAB1	PRKAG1	PTPN11	RELA	RXRA	RXRB	RXRG	SLC2A1	SLC2A4	CAMKK2	STAT3	STK11	ACSL6	TNF	TNFRSF1A	TNFRSF1B	TRAF2	AKT3	PRKAG3	MAPK10	MAPK8	MAPK9	ACSBG2	IRS2	ACSL5	ACSL4	CAMKK1	MTOR	ADIPOR2	TRADD	ADIPOR1	ACSL3	PCK2	CPT1C	ACSBG1
